TF,target,importance,corr_sign,signed_importance,validated
TNFRSF9,GZMB,24.240938393790284,1.0,24.240938393790284,False
TNFRSF4,TNFRSF18,13.147752434032617,1.0,13.147752434032617,False
TNFRSF9,IRF4,11.770109363938351,1.0,11.770109363938351,False
TNFRSF9,XCL1,9.146338572884794,1.0,9.146338572884794,False
CD226,LHX4,9.117898792099538,-1.0,-9.117898792099538,False
TNFRSF9,IFNG,8.94507012155804,1.0,8.94507012155804,False
TNFRSF9,NKG7,8.024848714120674,1.0,8.024848714120674,False
IFNG,TNFRSF9,7.776094929309743,1.0,7.776094929309743,False
ICOS,GZMB,7.623809455826263,1.0,7.623809455826263,False
TNFRSF18,TNFRSF4,6.958235213249041,1.0,6.958235213249041,False
IFNG,ICOS,6.663430195719919,1.0,6.663430195719919,False
IRF4,ICOS,6.153189102519204,1.0,6.153189102519204,False
IFNG,CD2,6.108724488401048,1.0,6.108724488401048,False
TNFRSF4,IL2,5.9825728565073,1.0,5.9825728565073,False
TNFRSF9,CCL4,5.816852143218142,1.0,5.816852143218142,False
ARHGDIB,ICOS,5.714358002190135,-1.0,-5.714358002190135,True
TNFRSF9,TAGAP,5.695424569342801,1.0,5.695424569342801,True
ICOS,CCL5,5.5739791022650325,-1.0,-5.5739791022650325,False
RUNX3,CD2,5.260100844335662,1.0,5.260100844335662,False
CD226,GRAP,5.065842248817484,1.0,5.065842248817484,False
TNFRSF4,CEACAM1,5.052794620897923,1.0,5.052794620897923,False
IRF4,TNFRSF8,4.924866131332396,1.0,4.924866131332396,False
TNFRSF9,CCL5,4.796907056321962,-1.0,-4.796907056321962,True
TNFRSF9,ZEB2,4.786673052836471,1.0,4.786673052836471,False
IFNG,TNFRSF8,4.782406908314012,1.0,4.782406908314012,False
ICOS,CD28,4.762807268737306,1.0,4.762807268737306,False
TNFRSF9,TBX21,4.722345278324571,1.0,4.722345278324571,False
IFNG,CD27,4.64587227078023,-1.0,-4.64587227078023,True
ICOS,AKAP12,4.455567533445128,1.0,4.455567533445128,False
TNFRSF9,FASLG,4.358006843440839,1.0,4.358006843440839,False
TNFRSF8,GZMB,4.24770903150371,1.0,4.24770903150371,False
CD226,PLCG2,4.245176234151746,1.0,4.245176234151746,False
ICOS,IFNG,4.181485216423097,1.0,4.181485216423097,False
ARHGDIB,TNFRSF8,4.126755347727863,-1.0,-4.126755347727863,False
TNFRSF9,BATF,4.0137774361412015,1.0,4.0137774361412015,False
IL2RG,CD27,3.9133303093259824,1.0,3.9133303093259824,False
CD2,P2RY14,3.880406683468902,1.0,3.880406683468902,True
TCF7,TNFRSF14,3.8106721789911866,1.0,3.8106721789911866,False
CD226,CBY1,3.771602359168284,-1.0,-3.771602359168284,False
TNFRSF9,TNF,3.660382311649715,1.0,3.660382311649715,False
ICOS,TNFRSF4,3.538548981857164,1.0,3.538548981857164,False
CD226,MUC1,3.34618565551224,1.0,3.34618565551224,False
TNFRSF9,OTUD7B,3.330299234426838,1.0,3.330299234426838,False
TNFRSF9,LTBR,3.3288779969699687,1.0,3.3288779969699687,False
TNFRSF9,CD28,3.2989233898752905,-1.0,-3.2989233898752905,True
ARHGDIB,CD27,3.215140037938788,1.0,3.215140037938788,True
CD28,LTBR,3.209091445883944,-1.0,-3.209091445883944,False
TNFRSF9,EOMES,3.1814820757417634,1.0,3.1814820757417634,False
BATF,CD28,3.177916785296362,-1.0,-3.177916785296362,False
ARHGDIB,TNFRSF9,3.1525300507240583,-1.0,-3.1525300507240583,True
IRF4,TNFRSF4,3.101298940842677,1.0,3.101298940842677,False
CD226,PAPOLG,3.094710300834388,-1.0,-3.094710300834388,False
TNFRSF18,TNFRSF12A,3.036144878663089,1.0,3.036144878663089,False
GATA3,CD40,3.0256830188516006,-1.0,-3.0256830188516006,False
IRF4,TNFRSF14,2.946682828438361,-1.0,-2.946682828438361,False
TNFRSF9,EMP1,2.908253993180478,1.0,2.908253993180478,False
ICOS,IRF4,2.907665388270442,1.0,2.907665388270442,False
IL2RG,CD2,2.8720172486155517,1.0,2.8720172486155517,False
TNFRSF9,FOSB,2.830967085798945,1.0,2.830967085798945,False
CD40,LTBR,2.792316970762093,1.0,2.792316970762093,False
TRAF3IP2,TNFRSF25,2.782390951766674,1.0,2.782390951766674,True
TNFRSF9,NLRC3,2.745963592534829,-1.0,-2.745963592534829,True
TAGAP,TNFRSF9,2.7450121598004005,1.0,2.7450121598004005,False
CD28,FOXO1,2.6875407837574543,1.0,2.6875407837574543,True
TNFRSF4,CD27,2.6777807387999766,-1.0,-2.6777807387999766,False
CD226,CNR2,2.6754955344488343,1.0,2.6754955344488343,False
FOXL2NB,CD226,2.656317394176325,-1.0,-2.656317394176325,True
CD226,LCP2,2.6049411668160127,1.0,2.6049411668160127,False
TNFRSF4,ITPKA,2.5994519378101497,1.0,2.5994519378101497,False
CD2,FOXL2NB,2.594270032931264,-1.0,-2.594270032931264,False
RUNX3,TNFRSF14,2.551946775496951,-1.0,-2.551946775496951,False
TNFRSF9,ICOS,2.4911487631862443,1.0,2.4911487631862443,False
TNFRSF25,LHX6,2.486637377673232,-1.0,-2.486637377673232,False
TNFRSF9,ARHGDIB,2.475790354059674,-1.0,-2.475790354059674,False
NLRC3,CD226,2.429940501216467,1.0,2.429940501216467,False
TNFRSF25,AKAP12,2.3857427463777574,1.0,2.3857427463777574,False
TNFRSF9,TNFRSF18,2.3743987273911444,1.0,2.3743987273911444,False
CD28,PAPOLG,2.343598706595066,1.0,2.343598706595066,False
TNFRSF4,TNFRSF25,2.3007179673017664,1.0,2.3007179673017664,False
TNFRSF8,IL1R1,2.2550806439685336,1.0,2.2550806439685336,False
TNFRSF9,TNFRSF8,2.236545997451327,1.0,2.236545997451327,True
ID2,CD27,2.202755941041071,-1.0,-2.202755941041071,False
TNFRSF8,PIK3AP1,2.197787402222224,1.0,2.197787402222224,False
CD226,FOXL2NB,2.188679821152937,-1.0,-2.188679821152937,False
TNFRSF9,TNFRSF1B,2.1878611428269767,1.0,2.1878611428269767,False
TNFRSF14,IL9R,2.1839663834612164,1.0,2.1839663834612164,False
CD226,ALX4,2.1809516038278907,1.0,2.1809516038278907,False
CD27,CCL5,2.1741215640552154,1.0,2.1741215640552154,False
RUNX3,CD226,2.157604050220551,1.0,2.157604050220551,False
CD27,WT1,2.1356359735137085,-1.0,-2.1356359735137085,False
TNFRSF9,FOSL1,2.104426777499447,1.0,2.104426777499447,False
TNFRSF9,MAP4K1,2.1011961652772726,-1.0,-2.1011961652772726,False
TNFRSF9,TRIM21,2.0635563354097464,-1.0,-2.0635563354097464,False
TNFRSF25,PRDM13,2.060413968374221,1.0,2.060413968374221,False
CD2,ITPKA,2.0602570927308324,-1.0,-2.0602570927308324,False
PRDM1,CD2,2.037958904338362,1.0,2.037958904338362,True
BATF,CD27,2.0349641672902066,-1.0,-2.0349641672902066,False
BATF,TNFRSF9,2.030294679087371,1.0,2.030294679087371,False
CD2,FOXD2,2.016712343241861,1.0,2.016712343241861,False
CD27,GZMK,1.987162828351444,1.0,1.987162828351444,True
TNFRSF14,PRDM13,1.9454798147915373,1.0,1.9454798147915373,False
LAT,CD27,1.9405593864207824,1.0,1.9405593864207824,False
TBX21,TNFRSF9,1.9337119971278165,1.0,1.9337119971278165,True
TNFRSF8,CCL5,1.9104058554121717,-1.0,-1.9104058554121717,False
PAPOLG,CD40,1.9099544990416613,1.0,1.9099544990416613,True
TNFRSF9,RUNX3,1.898771092460715,1.0,1.898771092460715,False
IFNG,TNFRSF4,1.8968993775891767,1.0,1.8968993775891767,False
ARHGDIB,TNFRSF4,1.8893311657634724,-1.0,-1.8893311657634724,True
ICOS,GZMA,1.885216495729729,-1.0,-1.885216495729729,False
IFNG,TNFRSF14,1.884939790750912,-1.0,-1.884939790750912,True
ICOS,TNFRSF25,1.8826898021847212,1.0,1.8826898021847212,False
TNFRSF9,JMJD1C,1.867574012264736,-1.0,-1.867574012264736,True
CD226,CCL5,1.8636836849493923,1.0,1.8636836849493923,False
CD226,TNFRSF25,1.8410053969699065,1.0,1.8410053969699065,False
CD2,CD27,1.8159811130362935,1.0,1.8159811130362935,True
CD2,RUNX3,1.8079495653183424,1.0,1.8079495653183424,True
CD2,PRDM1,1.805069137278343,1.0,1.805069137278343,True
CD28,LHX6,1.7833246414815882,1.0,1.7833246414815882,False
TNFRSF9,TCF7,1.7349820787222103,-1.0,-1.7349820787222103,False
ARHGDIB,CD226,1.7244357015549734,1.0,1.7244357015549734,True
CD2,PRF1,1.7116220272472666,1.0,1.7116220272472666,False
IRF4,TNFRSF9,1.6884721397864546,1.0,1.6884721397864546,False
CD28,TNFRSF25,1.685658669985033,1.0,1.685658669985033,False
CD226,IL1R1,1.682234181408082,-1.0,-1.682234181408082,False
CD40,LHX6,1.6786642021024525,1.0,1.6786642021024525,False
LTBR,CD28,1.6652436228730398,-1.0,-1.6652436228730398,True
TNFRSF8,CD247,1.661080203608216,-1.0,-1.661080203608216,False
CD226,PRKD2,1.640687427048369,1.0,1.640687427048369,False
TNFRSF9,IL2RG,1.6374281277180949,-1.0,-1.6374281277180949,True
TAGAP,TNFRSF25,1.6337825306904072,1.0,1.6337825306904072,False
CD2,FASLG,1.6272660727931203,1.0,1.6272660727931203,False
TCF7,CD226,1.626684257161434,1.0,1.626684257161434,False
CD2,EOMES,1.623704624235116,1.0,1.623704624235116,False
TNFRSF9,GZMA,1.615764686234899,-1.0,-1.615764686234899,True
TNFRSF4,FOSB,1.614027488954204,1.0,1.614027488954204,False
TNFRSF4,ICOS,1.578754281159683,1.0,1.578754281159683,False
CD226,PRF1,1.566700926616539,1.0,1.566700926616539,False
LAT,CD40,1.543789989418641,1.0,1.543789989418641,False
BICDL2,CD40,1.5391543167494373,1.0,1.5391543167494373,False
TNFRSF9,RAC2,1.5390214646802272,-1.0,-1.5390214646802272,True
TAGAP,ICOS,1.535407089026842,1.0,1.535407089026842,False
CD28,PRDM13,1.533786489641874,1.0,1.533786489641874,False
TNFRSF8,IL2RG,1.5205216209541677,-1.0,-1.5205216209541677,False
LAT,TNFRSF14,1.5175294835685535,1.0,1.5175294835685535,False
CD27,CD247,1.5145307660220224,1.0,1.5145307660220224,True
TNFRSF25,TRAF3IP2,1.5093617767770162,1.0,1.5093617767770162,False
TNFRSF18,CEACAM1,1.505673247264694,1.0,1.505673247264694,False
CD28,CNR2,1.5013765870798823,-1.0,-1.5013765870798823,False
TCF7,CD28,1.4744585782349262,1.0,1.4744585782349262,False
TNFRSF9,NOTCH1,1.4663449309995926,1.0,1.4663449309995926,False
LTBR,CD40,1.464010708752812,1.0,1.464010708752812,False
IL2,TNFRSF4,1.461939270545374,1.0,1.461939270545374,False
TNFRSF9,PIK3AP1,1.454918164304445,1.0,1.454918164304445,False
CD2,PLCG2,1.43787875747876,1.0,1.43787875747876,True
IFNG,TNFRSF18,1.425999175837535,1.0,1.425999175837535,False
ICOS,TNFRSF18,1.421712582275917,1.0,1.421712582275917,False
ICOS,CD247,1.4162157625089626,-1.0,-1.4162157625089626,False
CD226,VAV1,1.4000972151508595,1.0,1.4000972151508595,False
CD27,P2RY14,1.3956357205966363,1.0,1.3956357205966363,True
RAC2,TNFRSF14,1.3805124649702545,1.0,1.3805124649702545,False
TNFRSF8,EMP3,1.3694803083147078,-1.0,-1.3694803083147078,False
TCF7,TNFRSF8,1.3651156022400794,-1.0,-1.3651156022400794,True
TNFRSF4,TAGAP,1.3596740429492835,1.0,1.3596740429492835,False
TNFRSF25,TNFRSF12A,1.3515859239159016,1.0,1.3515859239159016,False
CD27,PRDM13,1.3508785842519688,-1.0,-1.3508785842519688,False
LAT,TNFRSF8,1.35029621986589,-1.0,-1.35029621986589,True
CD2,CBY1,1.3405175118790886,-1.0,-1.3405175118790886,False
TNFRSF9,IL2,1.3146070208923053,1.0,1.3146070208923053,False
BATF,CD226,1.3123107428357226,-1.0,-1.3123107428357226,False
ICOS,TNFRSF8,1.3097931149611406,1.0,1.3097931149611406,False
ICOS,FOSL1,1.3018626007932734,1.0,1.3018626007932734,False
TCF7,ICOS,1.301211379135163,-1.0,-1.301211379135163,False
ICOS,TAGAP,1.2945188054733985,1.0,1.2945188054733985,False
BATF,TNFRSF8,1.28123001097751,1.0,1.28123001097751,False
TNFRSF4,CCL5,1.2665346940826987,-1.0,-1.2665346940826987,False
ICOS,EMP1,1.2487903787658343,1.0,1.2487903787658343,False
CD226,DEPDC7,1.2457865788850773,1.0,1.2457865788850773,False
TNFRSF14,GRAP,1.2405863837567868,1.0,1.2405863837567868,False
IL2RB,TNFRSF8,1.2353824867812038,1.0,1.2353824867812038,False
ID2,CD28,1.2137967422126044,-1.0,-1.2137967422126044,False
ARHGDIB,TNFRSF25,1.2007127695509034,1.0,1.2007127695509034,True
ICOS,FOXQ1,1.19962659939465,-1.0,-1.19962659939465,False
TNFRSF9,TNFRSF4,1.1970775785255838,1.0,1.1970775785255838,False
NLRC3,CD40,1.1921539263424672,-1.0,-1.1921539263424672,False
CD27,PLCG2,1.178993812585324,1.0,1.178993812585324,True
ICOS,OTUD7B,1.1756640233677007,1.0,1.1756640233677007,False
IRF4,TNFRSF18,1.1691015107822302,1.0,1.1691015107822302,False
TNFRSF18,PAPOLG,1.1591137132843414,1.0,1.1591137132843414,False
TNFRSF8,CD27,1.1473916490853284,-1.0,-1.1473916490853284,False
ICOS,WT1,1.1441995219565408,-1.0,-1.1441995219565408,False
CD27,CD2,1.143886944223245,1.0,1.143886944223245,True
TNFRSF14,ITPKA,1.1427517484351624,1.0,1.1427517484351624,False
CD2,IL2RB,1.1351283450400256,1.0,1.1351283450400256,False
TNFRSF9,LAT,1.1231838669518592,-1.0,-1.1231838669518592,False
TCF7,TNFRSF9,1.1224636956682603,-1.0,-1.1224636956682603,True
TNFRSF4,IRF4,1.1173646673292348,1.0,1.1173646673292348,False
CD2,CD28,1.1011670343669633,1.0,1.1011670343669633,False
ICOS,TNF,1.0908437443349324,1.0,1.0908437443349324,False
ICOS,P2RY14,1.0811723342149722,1.0,1.0811723342149722,False
APOBEC3D,CD40,1.0647199249709194,1.0,1.0647199249709194,False
CD28,FOXQ1,1.058745434010208,1.0,1.058745434010208,False
ICOS,JMJD1C,1.0526153126618631,-1.0,-1.0526153126618631,False
CD2,NKG7,1.040882023256628,1.0,1.040882023256628,False
TNFRSF18,GNLY,1.0402045061580916,1.0,1.0402045061580916,False
TNFRSF9,RELA,1.0390010063096142,1.0,1.0390010063096142,False
CD2,MAP4K1,1.0353609027530384,-1.0,-1.0353609027530384,False
ARHGDIB,CD40,1.0329206483982485,-1.0,-1.0329206483982485,False
TNFRSF9,DEF6,1.0312786573416202,-1.0,-1.0312786573416202,False
CD40,DEPDC7,1.0305460563144095,1.0,1.0305460563144095,False
CD27,TNFRSF14,1.024214138282224,1.0,1.024214138282224,False
CD28,FOXD2,1.0239683729494125,1.0,1.0239683729494125,False
CD2,CD226,1.02393628487924,1.0,1.02393628487924,False
CD247,CD40,1.0225525999619849,-1.0,-1.0225525999619849,False
ICOS,CCL4,1.0188017537008736,1.0,1.0188017537008736,False
ICOS,NLRC3,1.0161216156701656,-1.0,-1.0161216156701656,False
EMP1,ICOS,1.0157156455818448,1.0,1.0157156455818448,False
EMP3,TNFRSF8,1.0156736853853134,-1.0,-1.0156736853853134,False
CD27,BICDL2,1.0115112951016854,1.0,1.0115112951016854,False
CD2,GNLY,1.0098730620353844,1.0,1.0098730620353844,True
CD28,MUC1,1.0023944118596415,-1.0,-1.0023944118596415,False
CD27,TNFRSF12A,1.0008648488505036,-1.0,-1.0008648488505036,False
TNFRSF9,CD2,1.00023805065586,1.0,1.00023805065586,False
EOMES,CD28,0.9998266564634524,-1.0,-0.9998266564634524,True
TNFRSF8,LAT,0.9926674317269156,-1.0,-0.9926674317269156,False
TNFRSF14,MUC1,0.9908203537058796,1.0,0.9908203537058796,False
CD247,CD27,0.9829703824813116,1.0,0.9829703824813116,True
ICOS,MUC1,0.9802024093433834,-1.0,-0.9802024093433834,False
CD27,TNFRSF1A,0.9801009714257112,1.0,0.9801009714257112,False
TNFRSF9,INPPL1,0.9740297406548512,1.0,0.9740297406548512,False
CD28,ALX4,0.9696816908063944,-1.0,-0.9696816908063944,False
ICOS,NOTCH1,0.9694528618206156,1.0,0.9694528618206156,False
LCP2,CD226,0.9619160600412748,1.0,0.9619160600412748,False
MGST3,CD40,0.960318648290947,1.0,0.960318648290947,False
EMP1,TNFRSF9,0.9572829218057408,1.0,0.9572829218057408,True
ICOS,DEPDC7,0.9378689516438948,1.0,0.9378689516438948,False
CD40,EOMES,0.9329522525351522,1.0,0.9329522525351522,False
CD2,CCL4,0.9268478971549536,1.0,0.9268478971549536,False
TNFRSF18,ID2,0.9205117469087748,1.0,0.9205117469087748,False
ICOS,ZEB2,0.9130111394299126,1.0,0.9130111394299126,False
IL2RB,TNFRSF14,0.9106535093631012,-1.0,-0.9106535093631012,True
ICOS,MGST3,0.903335906857938,-1.0,-0.903335906857938,False
TNFRSF14,CBY1,0.9003144906284387,1.0,0.9003144906284387,False
CD27,MUC1,0.899030437977531,-1.0,-0.899030437977531,False
CD226,LTBR,0.894248071967085,-1.0,-0.894248071967085,False
TNFRSF8,TRAF3IP2,0.8846065562269199,1.0,0.8846065562269199,False
PLCG2,TNFRSF25,0.8818262661942567,1.0,0.8818262661942567,False
IL2RG,TNFRSF8,0.8765963777932175,-1.0,-0.8765963777932175,False
FOXD2,CD226,0.8755404023663458,-1.0,-0.8755404023663458,True
TNFRSF18,P2RY14,0.8741501008094468,1.0,0.8741501008094468,False
TNFRSF4,TNF,0.8705934525917551,1.0,0.8705934525917551,False
ICOS,ARHGDIB,0.8685864360159319,-1.0,-0.8685864360159319,False
TNFRSF18,IL9R,0.8658777894739154,-1.0,-0.8658777894739154,False
CD27,IL9R,0.8631378964854254,1.0,0.8631378964854254,False
CD27,DEF6,0.8603182781638854,1.0,0.8603182781638854,False
TCF7,CD2,0.8599326712521809,-1.0,-0.8599326712521809,True
CD27,CD40,0.8589072888812931,1.0,0.8589072888812931,False
CD2,IFNG,0.8576429871775209,1.0,0.8576429871775209,True
TNFRSF9,GZMK,0.846239541922721,-1.0,-0.846239541922721,False
ICOS,TNFRSF1A,0.8444678974900106,-1.0,-0.8444678974900106,False
ICOS,IL9R,0.8352522936796422,1.0,0.8352522936796422,False
JMJD1C,CD40,0.8316324907186259,1.0,0.8316324907186259,False
RAC2,CD27,0.8305961920385103,1.0,0.8305961920385103,True
CD27,LTBR,0.8298224232004242,-1.0,-0.8298224232004242,False
MGST3,TNFRSF25,0.8281217200144865,-1.0,-0.8281217200144865,False
TAGAP,TNFRSF4,0.825847944427381,1.0,0.825847944427381,False
ARHGDIB,TNFRSF14,0.81860640350757,1.0,0.81860640350757,False
TCF7,CD27,0.8095549927220179,1.0,0.8095549927220179,False
CD226,MGST3,0.8089066943427802,-1.0,-0.8089066943427802,False
TNFRSF9,FOXQ1,0.8073814586970859,1.0,0.8073814586970859,False
TNFRSF25,IL1R1,0.8032689790471016,1.0,0.8032689790471016,False
TNFRSF4,OTUD7A,0.8019053696020394,1.0,0.8019053696020394,False
TNFRSF4,AKAP12,0.7977196733788475,1.0,0.7977196733788475,False
ICOS,IL2RG,0.7925070664762168,-1.0,-0.7925070664762168,False
CD2,FOSB,0.7846114781064762,1.0,0.7846114781064762,True
IL2RG,TNFRSF14,0.7824334506650946,1.0,0.7824334506650946,True
BATF,ICOS,0.7819365323006404,1.0,0.7819365323006404,False
CD27,GRAP,0.779683553309741,1.0,0.779683553309741,False
TNFRSF9,TNFRSF14,0.7778865997802331,-1.0,-0.7778865997802331,True
IRF4,CD27,0.7652325836166322,-1.0,-0.7652325836166322,False
CD2,IL9R,0.7606751020720554,-1.0,-0.7606751020720554,False
ICOS,LAT,0.7519042955377897,-1.0,-0.7519042955377897,False
CD27,IL1R1,0.7506462536739813,-1.0,-0.7506462536739813,False
TNFRSF4,ID2,0.7444392506238492,1.0,0.7444392506238492,False
CD226,RELA,0.7443086164728789,1.0,0.7443086164728789,False
ICOS,GRAP,0.743494324292073,-1.0,-0.743494324292073,False
TNFRSF8,LTBR,0.7424743462048484,1.0,0.7424743462048484,False
RUNX3,CD27,0.738986893078369,1.0,0.738986893078369,False
CD2,CD247,0.7388502839260107,1.0,0.7388502839260107,True
CD27,LAT,0.7387749001146479,1.0,0.7387749001146479,True
TNFRSF9,BICDL2,0.7375265324092876,1.0,0.7375265324092876,False
PIK3AP1,CD28,0.7316538259159445,-1.0,-0.7316538259159445,True
TNFRSF9,TRAF3IP2,0.7313629168046257,-1.0,-0.7313629168046257,False
ICOS,TCF7,0.7307800422973569,-1.0,-0.7307800422973569,False
CD27,RAC2,0.7188173154479609,1.0,0.7188173154479609,False
CD2,TBX21,0.7177040333631544,1.0,0.7177040333631544,True
TNFRSF8,IRF4,0.7170180288539656,1.0,0.7170180288539656,False
CD27,APOBEC3C,0.7147107868472404,1.0,0.7147107868472404,True
CD28,PIK3AP1,0.7125576663290677,-1.0,-0.7125576663290677,False
CD226,NLRC3,0.7098657956725963,1.0,0.7098657956725963,False
MGST3,CD28,0.7041378159942538,-1.0,-0.7041378159942538,True
TNFRSF4,INPPL1,0.703423443412089,1.0,0.703423443412089,False
CD27,APOL2,0.7030909968731932,-1.0,-0.7030909968731932,True
CD27,ABCB10,0.6990511307852698,-1.0,-0.6990511307852698,False
DEF6,CD40,0.6857372940926346,-1.0,-0.6857372940926346,False
TNFRSF1B,CD2,0.6827456573184807,1.0,0.6827456573184807,False
CD27,CD28,0.6807997148226109,1.0,0.6807997148226109,False
TNFRSF4,IKZF3,0.6794840952971892,-1.0,-0.6794840952971892,False
CD2,LCP2,0.6770236344682534,1.0,0.6770236344682534,False
CD2,IL2RG,0.6765536483869371,1.0,0.6765536483869371,True
ICOS,IL1R1,0.6764657467831748,1.0,0.6764657467831748,False
CD40,APOL2,0.6734639314229809,1.0,0.6734639314229809,False
ICOS,CD2,0.6724848559978084,1.0,0.6724848559978084,False
IL2RG,CD226,0.6716637480018766,1.0,0.6716637480018766,False
CD2,GZMB,0.6691368292473772,1.0,0.6691368292473772,True
ICOS,GZMK,0.6644025795891426,-1.0,-0.6644025795891426,False
TNFRSF9,GRAP,0.6422268507025893,-1.0,-0.6422268507025893,False
BATF,TNFRSF4,0.6350475938239706,1.0,0.6350475938239706,False
CD2,CD40,0.6341935179588031,-1.0,-0.6341935179588031,False
TNFRSF25,KLRG1,0.6312321323282607,1.0,0.6312321323282607,False
ICOS,TNFRSF1B,0.6296678064568875,1.0,0.6296678064568875,False
ICOS,IL2RB,0.6255809838144925,1.0,0.6255809838144925,False
TNFRSF1B,CD226,0.6231230404951045,1.0,0.6231230404951045,False
ID2,TNFRSF18,0.6209794521824044,1.0,0.6209794521824044,False
CD226,DEF6,0.6183573268636371,1.0,0.6183573268636371,False
CD27,OTUD7A,0.6154901362753371,1.0,0.6154901362753371,False
TNFRSF4,IFNG,0.6151967331579006,1.0,0.6151967331579006,False
CD27,LHX4,0.6131485560322383,-1.0,-0.6131485560322383,False
CD27,ID2,0.6092377103872563,-1.0,-0.6092377103872563,True
TNFRSF14,ALX4,0.6059025302497447,1.0,0.6059025302497447,False
OTUD7B,TNFRSF9,0.6036960529425057,1.0,0.6036960529425057,True
CD27,ITPKA,0.602604323603329,-1.0,-0.602604323603329,False
CD40,ITPKA,0.6016422464773679,1.0,0.6016422464773679,False
CD226,FOXD2,0.5985767640170514,-1.0,-0.5985767640170514,False
P2RY14,CD2,0.5976037275882005,1.0,0.5976037275882005,False
CD28,MGST3,0.5968926183955734,-1.0,-0.5968926183955734,False
CD28,BICDL2,0.5952131934753425,-1.0,-0.5952131934753425,False
TNFRSF8,TCF7,0.5943161938945192,-1.0,-0.5943161938945192,False
PLCG2,CD226,0.5931383022283645,1.0,0.5931383022283645,False
TNFRSF4,NLRC3,0.5875906082055892,-1.0,-0.5875906082055892,False
CD247,CD226,0.5868428039095753,1.0,0.5868428039095753,False
APOBEC3C,CD226,0.5800056192303669,1.0,0.5800056192303669,False
TRIM21,TNFRSF14,0.5786125610787803,1.0,0.5786125610787803,False
TNFRSF9,PRF1,0.5775407888527633,1.0,0.5775407888527633,False
RELA,CD40,0.5758606786507011,1.0,0.5758606786507011,False
LAT,CD28,0.5741529655461209,1.0,0.5741529655461209,True
TNFRSF8,IFNG,0.5741186140488536,1.0,0.5741186140488536,False
TNFRSF9,ABCB10,0.5724474923299759,1.0,0.5724474923299759,False
CD27,CEACAM1,0.5673532109145007,-1.0,-0.5673532109145007,False
CD2,CNR2,0.5646793484884313,1.0,0.5646793484884313,False
TNFRSF8,APOBEC3C,0.5630330853190799,-1.0,-0.5630330853190799,False
NLRC3,CD28,0.5596508739507599,1.0,0.5596508739507599,False
MUC1,CD28,0.5592544022867609,-1.0,-0.5592544022867609,True
CD28,LHX4,0.5567930622658424,-1.0,-0.5567930622658424,False
TNFRSF9,MGST3,0.555777111545638,-1.0,-0.555777111545638,False
CD28,RELA,0.5547006618231559,1.0,0.5547006618231559,False
TBX21,CD2,0.5518749518772476,1.0,0.5518749518772476,True
TNFRSF14,CCL5,0.5473071416392751,1.0,0.5473071416392751,False
EMP1,CD2,0.5461972248193169,1.0,0.5461972248193169,True
CD27,TNFRSF4,0.5455289180171181,-1.0,-0.5455289180171181,False
CD2,TNFRSF1A,0.5454206163031944,1.0,0.5454206163031944,True
CD40,BICDL2,0.5409234135283896,1.0,0.5409234135283896,False
ICOS,BATF,0.5404578818067003,1.0,0.5404578818067003,False
NOTCH1,CD40,0.537491541151697,-1.0,-0.537491541151697,False
CD2,RELA,0.5338719605387938,-1.0,-0.5338719605387938,False
TNFRSF8,TRIM21,0.5312742086005102,-1.0,-0.5312742086005102,False
PIK3AP1,TNFRSF25,0.5293525625135288,-1.0,-0.5293525625135288,False
LTBR,CD226,0.5285782079712491,-1.0,-0.5285782079712491,True
TNFRSF18,CD27,0.527470721766722,-1.0,-0.527470721766722,False
ARHGDIB,CD28,0.5274069604365507,1.0,0.5274069604365507,False
ICOS,RELA,0.524754922424011,1.0,0.524754922424011,False
CD27,PAPOLG,0.5209479121082525,1.0,0.5209479121082525,False
RUNX3,TNFRSF25,0.5198282835667227,-1.0,-0.5198282835667227,False
TNFRSF25,BICDL2,0.5185954623771992,1.0,0.5185954623771992,False
IRF4,TNFRSF25,0.5159176427405372,1.0,0.5159176427405372,False
ZEB2,TNFRSF18,0.514776865213959,1.0,0.514776865213959,False
TNFRSF14,FOXO1,0.5137076054946927,1.0,0.5137076054946927,False
CD2,TNFRSF25,0.5130315571249502,1.0,0.5130315571249502,True
ICOS,ABCB10,0.5123636771428731,1.0,0.5123636771428731,False
TNFRSF18,FOXQ1,0.5117671241455531,1.0,0.5117671241455531,False
ICOS,RUNX3,0.5103939639106334,1.0,0.5103939639106334,False
IL2RB,CD2,0.5090632814703797,1.0,0.5090632814703797,False
CD28,CD226,0.5058746755735647,1.0,0.5058746755735647,True
TNFRSF9,PRDM1,0.5054930142456878,1.0,0.5054930142456878,False
ICOS,TNFRSF9,0.5042792990088014,1.0,0.5042792990088014,False
CD28,PRKD2,0.5032317613385577,1.0,0.5032317613385577,False
TNFRSF1B,TNFRSF14,0.502758380176302,-1.0,-0.502758380176302,True
ARHGDIB,CD2,0.5027364892570568,-1.0,-0.5027364892570568,True
CD28,ICOS,0.49997423031256,1.0,0.49997423031256,False
CD2,MGST3,0.4955817062497539,-1.0,-0.4955817062497539,False
GATA3,TNFRSF18,0.4955177064241227,1.0,0.4955177064241227,True
CD226,INPPL1,0.4949259077644548,-1.0,-0.4949259077644548,False
CD28,XCL1,0.4935704996759773,-1.0,-0.4935704996759773,False
CD40,MUC1,0.4932633901120685,-1.0,-0.4932633901120685,False
ICOS,TRIM21,0.490020359254113,-1.0,-0.490020359254113,False
CD27,CBY1,0.4839159005914404,1.0,0.4839159005914404,False
CD27,APOBEC3D,0.481972077303486,1.0,0.481972077303486,False
CD27,IL2RG,0.4804068410419862,1.0,0.4804068410419862,True
TNFRSF14,JMJD1C,0.4789504787532855,1.0,0.4789504787532855,False
TNFRSF14,TRAF3IP2,0.4751909350191852,-1.0,-0.4751909350191852,False
TNFRSF4,DEF6,0.4734956872133553,-1.0,-0.4734956872133553,False
ICOS,FOXO1,0.4731468060460914,-1.0,-0.4731468060460914,False
EMP3,TNFRSF25,0.4696509439441622,1.0,0.4696509439441622,False
TNFRSF8,NLRC3,0.4650755825581255,-1.0,-0.4650755825581255,False
CD27,CNR2,0.4589542422754465,-1.0,-0.4589542422754465,False
PIK3AP1,CD40,0.458647879374141,1.0,0.458647879374141,False
CD27,TNFRSF8,0.4586119841601807,-1.0,-0.4586119841601807,False
TNFRSF8,BATF,0.455546432262942,1.0,0.455546432262942,False
TNFRSF14,LAT2,0.454288856707854,1.0,0.454288856707854,False
TNFRSF4,FOSL1,0.4509695336399189,1.0,0.4509695336399189,False
CD226,GNLY,0.4508864550766918,1.0,0.4508864550766918,False
ICOS,MAP4K1,0.4504560814434749,-1.0,-0.4504560814434749,False
TNFRSF8,GZMA,0.4455670097780237,-1.0,-0.4455670097780237,False
OTUD7B,ICOS,0.4423326645645872,1.0,0.4423326645645872,True
VAV1,CD226,0.4415959725838636,1.0,0.4415959725838636,False
TNFRSF4,ARHGDIB,0.4390801401431164,-1.0,-0.4390801401431164,False
TNFRSF4,GZMB,0.4388531652882197,1.0,0.4388531652882197,False
ICOS,DEF6,0.4373211783729858,-1.0,-0.4373211783729858,False
CD2,XCL1,0.4316430952769073,1.0,0.4316430952769073,False
ZEB2,TNFRSF14,0.428756810714665,-1.0,-0.428756810714665,False
TBX21,TNFRSF8,0.428485158703335,1.0,0.428485158703335,False
TNFRSF4,PLCG2,0.4277949749743711,-1.0,-0.4277949749743711,False
TBX21,TNFRSF14,0.4265811584135852,-1.0,-0.4265811584135852,True
TNFRSF9,CD27,0.4263464864337982,-1.0,-0.4263464864337982,False
CD2,ZEB2,0.4234109353985354,1.0,0.4234109353985354,True
ARHGDIB,TNFRSF18,0.4233320981948174,-1.0,-0.4233320981948174,False
FOXQ1,TNFRSF18,0.4223929445336273,1.0,0.4223929445336273,True
CD2,RAC2,0.42046912013638,-1.0,-0.42046912013638,True
TNFRSF18,FASLG,0.4178774978298294,1.0,0.4178774978298294,False
ICOS,IKZF3,0.4153070298640257,-1.0,-0.4153070298640257,False
TNFRSF14,HELZ2,0.4104790520583742,1.0,0.4104790520583742,False
CD2,GZMK,0.4097670994584015,1.0,0.4097670994584015,True
TNFRSF1A,CD40,0.408673015766707,-1.0,-0.408673015766707,False
TNFRSF18,FOSB,0.4072359865232804,1.0,0.4072359865232804,False
IRF4,CD40,0.4046762558574717,1.0,0.4046762558574717,False
ICOS,LCP2,0.4024453364335589,-1.0,-0.4024453364335589,False
CD2,GATA3,0.3998080430284645,1.0,0.3998080430284645,False
TNFRSF9,PAPOLG,0.3987857292153494,-1.0,-0.3987857292153494,True
TNFRSF8,ARHGDIB,0.3975399082968359,-1.0,-0.3975399082968359,False
LAT,ICOS,0.3968334818024946,-1.0,-0.3968334818024946,False
FOXO1,TNFRSF14,0.3962009434185931,1.0,0.3962009434185931,False
FOXL2NB,CD28,0.3950391902796634,-1.0,-0.3950391902796634,True
CD27,LHX6,0.3937701045970335,-1.0,-0.3937701045970335,False
TNFRSF9,MUC1,0.392730070855546,-1.0,-0.392730070855546,False
APOL2,TNFRSF14,0.3878864313842612,1.0,0.3878864313842612,False
TNFRSF4,TNFRSF8,0.3856315794651883,1.0,0.3856315794651883,False
IL2RB,CD40,0.3853751018036145,-1.0,-0.3853751018036145,False
TBX21,ICOS,0.3851736825110014,1.0,0.3851736825110014,False
IRF4,CD2,0.3840693400204246,1.0,0.3840693400204246,False
ZEB2,TNFRSF25,0.3838416259325498,1.0,0.3838416259325498,False
CD28,APOL2,0.3831584999448389,1.0,0.3831584999448389,False
ICOS,PLCG2,0.3827432296480544,-1.0,-0.3827432296480544,False
CD2,WT1,0.3826900360017745,-1.0,-0.3826900360017745,False
CD27,NLRC3,0.3803753988254182,1.0,0.3803753988254182,False
TNFRSF25,PIK3AP1,0.3793842495704181,-1.0,-0.3793842495704181,False
CD226,ZEB2,0.3789157842207246,1.0,0.3789157842207246,False
TNFRSF18,TNFRSF25,0.3780214652138294,1.0,0.3780214652138294,False
BATF,TNFRSF14,0.3778350409581251,-1.0,-0.3778350409581251,False
TNFRSF8,NOTCH1,0.3777129129496985,1.0,0.3777129129496985,False
TNFRSF18,KLRG1,0.3767008732767513,1.0,0.3767008732767513,False
TNFRSF14,ABCB10,0.3762405565880971,-1.0,-0.3762405565880971,False
ICOS,PRDM1,0.3722917577906983,1.0,0.3722917577906983,False
TNFRSF4,MGST3,0.3712936008986568,-1.0,-0.3712936008986568,False
TNFRSF18,AKAP12,0.371229807211795,1.0,0.371229807211795,False
P2RY14,TNFRSF25,0.3711484142439544,1.0,0.3711484142439544,True
CD247,TNFRSF8,0.3698242283112105,-1.0,-0.3698242283112105,False
CD27,TCF7,0.3698182949325941,1.0,0.3698182949325941,False
TNFRSF4,JMJD1C,0.3696272503119087,-1.0,-0.3696272503119087,False
IL2RB,ICOS,0.3670966431114884,1.0,0.3670966431114884,True
TNFRSF9,CNR2,0.3656527094658045,1.0,0.3656527094658045,False
TCF7,TNFRSF4,0.365533995258647,-1.0,-0.365533995258647,False
CD27,TNFRSF1B,0.3646034768257634,-1.0,-0.3646034768257634,True
CD27,CD226,0.3623812141235776,1.0,0.3623812141235776,False
CD27,PRF1,0.3605297943856815,1.0,0.3605297943856815,False
CD28,FOXL2NB,0.3593028352388707,-1.0,-0.3593028352388707,False
TNFRSF25,ITPKA,0.3579724555753082,-1.0,-0.3579724555753082,False
TNFRSF25,CD28,0.3576817121443191,1.0,0.3576817121443191,False
TNFRSF14,APOL2,0.3549780851546158,1.0,0.3549780851546158,False
MGST3,CD226,0.3540350770622247,-1.0,-0.3540350770622247,True
CD247,TNFRSF25,0.3530790514070931,1.0,0.3530790514070931,False
CD28,ITPKA,0.3505278011968508,-1.0,-0.3505278011968508,False
PIK3AP1,TNFRSF8,0.3491652649582062,1.0,0.3491652649582062,True
CD28,OTUD7A,0.3488775991818275,1.0,0.3488775991818275,False
PRDM1,TNFRSF14,0.3456637392572523,-1.0,-0.3456637392572523,True
VAV1,TNFRSF25,0.3452696684030398,1.0,0.3452696684030398,False
ICOS,FOSB,0.344851731187378,1.0,0.344851731187378,False
RELA,TNFRSF14,0.3448021468766079,1.0,0.3448021468766079,False
GATA3,CD2,0.3446008716832539,1.0,0.3446008716832539,False
APOBEC3C,CD40,0.3445758809411073,-1.0,-0.3445758809411073,False
TNFRSF14,LAT,0.3436172338736861,1.0,0.3436172338736861,False
ZEB2,CD2,0.3433073873936207,1.0,0.3433073873936207,False
CD226,PIK3AP1,0.3420624073160747,1.0,0.3420624073160747,False
CD27,RELA,0.3401707620890102,-1.0,-0.3401707620890102,False
TBX21,CD40,0.3363459886050159,1.0,0.3363459886050159,False
TNFRSF4,LTBR,0.33619349080442,1.0,0.33619349080442,False
IL2RG,TNFRSF25,0.335610712538297,1.0,0.335610712538297,False
TNFRSF8,FOSB,0.3350621068971843,1.0,0.3350621068971843,False
TNFRSF4,FOXO1,0.3350410041566394,-1.0,-0.3350410041566394,False
IL1R1,TNFRSF25,0.3336440239926879,1.0,0.3336440239926879,True
TNFRSF4,MAP4K1,0.3304833129596087,-1.0,-0.3304833129596087,False
ICOS,LTBR,0.328214530722007,-1.0,-0.328214530722007,False
EMP1,TNFRSF8,0.3281913743800499,1.0,0.3281913743800499,False
EOMES,CD40,0.3232950730296118,1.0,0.3232950730296118,True
IRF4,CD28,0.3210127082160169,1.0,0.3210127082160169,False
CD2,LHX4,0.3194001007313886,-1.0,-0.3194001007313886,False
MAP4K1,TNFRSF14,0.3191231066261503,1.0,0.3191231066261503,True
PAPOLG,TNFRSF25,0.3187529714104191,1.0,0.3187529714104191,True
PRDM1,ICOS,0.3176812175557502,1.0,0.3176812175557502,True
TNFRSF4,LCP2,0.3174194902459746,-1.0,-0.3174194902459746,False
TNFRSF14,TNFRSF25,0.3173122325447378,1.0,0.3173122325447378,False
ICOS,ID2,0.3165701498403591,1.0,0.3165701498403591,False
OTUD7B,CD28,0.3155264637668619,1.0,0.3155264637668619,False
CD2,NOTCH1,0.3154770804298238,1.0,0.3154770804298238,True
CD27,PRKD2,0.312995686150338,1.0,0.312995686150338,False
TNFRSF9,CD247,0.311635750289289,-1.0,-0.311635750289289,False
EMP3,TNFRSF18,0.3116250882113321,1.0,0.3116250882113321,False
TNFRSF18,GATA3,0.311623805393336,1.0,0.311623805393336,False
CD226,PRDM13,0.3111585785326158,-1.0,-0.3111585785326158,False
FOXO1,TNFRSF25,0.3097668149193402,1.0,0.3097668149193402,False
ICOS,CBY1,0.307483621996902,-1.0,-0.307483621996902,False
CD28,EOMES,0.3067881634626874,-1.0,-0.3067881634626874,False
CD28,DEPDC7,0.3066433114672949,-1.0,-0.3066433114672949,False
RAC2,TNFRSF8,0.3047878207224402,-1.0,-0.3047878207224402,False
RAC2,TNFRSF9,0.304727350837344,-1.0,-0.304727350837344,False
ZEB2,TNFRSF4,0.3035482431781013,1.0,0.3035482431781013,False
CD247,CD2,0.3029672442350527,1.0,0.3029672442350527,True
TNFRSF14,VAV1,0.3029558763032843,-1.0,-0.3029558763032843,False
TNFRSF1B,TNFRSF25,0.3027575541117887,-1.0,-0.3027575541117887,True
ZEB2,CD226,0.3015448411438999,1.0,0.3015448411438999,False
TNFRSF4,TNFRSF1B,0.3008257809216304,1.0,0.3008257809216304,False
IL2RB,TNFRSF18,0.2994127209838766,1.0,0.2994127209838766,True
TNFRSF18,TNF,0.2986901924917522,1.0,0.2986901924917522,False
VAV1,CD40,0.2974780975841548,-1.0,-0.2974780975841548,False
TNFRSF8,RAC2,0.2966156515328425,-1.0,-0.2966156515328425,False
CD27,HELZ2,0.2965757379822449,-1.0,-0.2965757379822449,False
ABCB10,TNFRSF14,0.2957156986078854,-1.0,-0.2957156986078854,True
TCF7,TNFRSF18,0.295391420349397,-1.0,-0.295391420349397,False
NLRC3,TNFRSF9,0.295263166973435,-1.0,-0.295263166973435,False
ITPKA,CD40,0.2939969719068996,1.0,0.2939969719068996,False
TBX21,TNFRSF18,0.2919166698198197,1.0,0.2919166698198197,False
TNFRSF18,BICDL2,0.2907946437460983,1.0,0.2907946437460983,False
TNFRSF25,CEACAM1,0.2901066090841376,1.0,0.2901066090841376,False
TNFRSF25,PLCG2,0.2900532781641824,1.0,0.2900532781641824,False
CD27,IL2,0.2899653314900353,-1.0,-0.2899653314900353,False
TNFRSF9,IL9R,0.2895464916809213,-1.0,-0.2895464916809213,False
TNFRSF14,OTUD7A,0.2893036456270715,1.0,0.2893036456270715,False
CD27,GZMB,0.2892215145409508,-1.0,-0.2892215145409508,True
CD2,TNFRSF8,0.2887578371976847,-1.0,-0.2887578371976847,False
PRKD2,CD226,0.2881612590744939,1.0,0.2881612590744939,False
TNFRSF25,MUC1,0.2873187332086003,1.0,0.2873187332086003,False
TNFRSF8,FOSL1,0.286342342431541,1.0,0.286342342431541,False
CD2,TNFRSF18,0.2852702790779235,1.0,0.2852702790779235,False
EOMES,TNFRSF18,0.2834302804247136,1.0,0.2834302804247136,False
TNFRSF9,AKAP12,0.2824029967395384,1.0,0.2824029967395384,False
RAC2,CD40,0.2823845502317022,-1.0,-0.2823845502317022,False
CD226,JMJD1C,0.282123341038467,1.0,0.282123341038467,False
TNFRSF9,EMP3,0.2817885743362789,-1.0,-0.2817885743362789,False
TNFRSF18,ZEB2,0.2808764776612114,1.0,0.2808764776612114,False
PLCG2,CD40,0.280485627216576,1.0,0.280485627216576,False
ID2,TNFRSF25,0.2797362396063028,1.0,0.2797362396063028,False
PAPOLG,CD28,0.2796404528809014,1.0,0.2796404528809014,True
TNFRSF9,IL2RB,0.2787451674971959,1.0,0.2787451674971959,False
IKZF3,CD27,0.2786808381601503,1.0,0.2786808381601503,False
TNFRSF9,IKZF3,0.2781828660900615,-1.0,-0.2781828660900615,False
CD2,LHX6,0.2774788271318555,1.0,0.2774788271318555,False
LCP2,TNFRSF14,0.2773964911707943,1.0,0.2773964911707943,False
TAGAP,CD2,0.2772762431575719,1.0,0.2772762431575719,True
CD28,WT1,0.2767048656295546,1.0,0.2767048656295546,False
CD28,MAP4K1,0.2760830175684026,-1.0,-0.2760830175684026,False
EMP3,CD226,0.2734607784314495,-1.0,-0.2734607784314495,True
CD2,DEPDC7,0.2731168066165033,1.0,0.2731168066165033,False
ICOS,RAC2,0.2701527271067869,-1.0,-0.2701527271067869,False
TNFRSF1A,TNFRSF18,0.2701391538572721,-1.0,-0.2701391538572721,True
TNFRSF4,CD28,0.270134047688071,1.0,0.270134047688071,False
ICOS,LAT2,0.2697767075494352,-1.0,-0.2697767075494352,False
CD2,TNFRSF1B,0.2696378973501454,1.0,0.2696378973501454,False
APOBEC3C,CD27,0.2676183434554568,1.0,0.2676183434554568,True
IL2RG,TNFRSF9,0.2671363739712139,-1.0,-0.2671363739712139,False
TNFRSF4,EOMES,0.2664069232496658,-1.0,-0.2664069232496658,False
TBX21,TNFRSF25,0.266278431510964,-1.0,-0.266278431510964,True
TNFRSF8,IL2RB,0.2658246018447394,1.0,0.2658246018447394,False
TNFRSF4,BATF,0.2651493012935263,1.0,0.2651493012935263,False
TNFRSF4,ABCB10,0.2643575568316592,1.0,0.2643575568316592,False
CD28,AKAP12,0.2642129570988946,-1.0,-0.2642129570988946,False
JMJD1C,TNFRSF14,0.2624828004526143,1.0,0.2624828004526143,False
CD226,FOXO1,0.2623552223179348,1.0,0.2623552223179348,False
TNFRSF18,TNFRSF1A,0.2620928334638877,-1.0,-0.2620928334638877,False
CD2,EMP1,0.2607764578946626,1.0,0.2607764578946626,False
IFNG,CD226,0.2606831137885591,1.0,0.2606831137885591,False
TNFRSF18,ICOS,0.2605220198314969,1.0,0.2605220198314969,False
TNFRSF4,PRF1,0.260009786516876,-1.0,-0.260009786516876,False
TNFRSF1A,TNFRSF25,0.2582698197991059,-1.0,-0.2582698197991059,True
TNFRSF4,TRIM21,0.2576763119765342,-1.0,-0.2576763119765342,False
CD2,FOXQ1,0.2571475012166202,1.0,0.2571475012166202,False
CD226,APOL2,0.2562530295583977,1.0,0.2562530295583977,False
CD27,IFNG,0.2559391596083381,-1.0,-0.2559391596083381,False
TNFRSF8,GZMK,0.2546156283438902,-1.0,-0.2546156283438902,False
CD2,JMJD1C,0.2532906905887631,1.0,0.2532906905887631,True
TNFRSF14,CD27,0.2521541906138342,1.0,0.2521541906138342,False
EOMES,TNFRSF25,0.2514921217729031,-1.0,-0.2514921217729031,True
BATF,TNFRSF25,0.25112870300582,-1.0,-0.25112870300582,False
TNFRSF8,GRAP,0.2504501223673814,-1.0,-0.2504501223673814,False
CD40,DEF6,0.2489090575449278,-1.0,-0.2489090575449278,False
CD27,JMJD1C,0.2484825778905663,1.0,0.2484825778905663,True
TNFRSF4,HELZ2,0.2464181185264774,-1.0,-0.2464181185264774,False
TNFRSF18,TBX21,0.2463700457836315,1.0,0.2463700457836315,False
TNFRSF8,FOXD2,0.2460095569196244,1.0,0.2460095569196244,False
CD226,GZMA,0.2439449462091623,1.0,0.2439449462091623,False
MUC1,CD226,0.2438785789595428,1.0,0.2438785789595428,True
TNFRSF4,FOXQ1,0.2436301481243918,1.0,0.2436301481243918,False
CD226,IL2RG,0.2430556750842943,1.0,0.2430556750842943,False
LAT,TNFRSF9,0.2420364474065131,-1.0,-0.2420364474065131,False
CD27,PIK3AP1,0.2404455612294516,-1.0,-0.2404455612294516,False
ICOS,OTUD7A,0.2399810582610279,-1.0,-0.2399810582610279,False
TRIM21,TNFRSF25,0.2397181450338429,-1.0,-0.2397181450338429,False
CD28,JMJD1C,0.2384679047911295,1.0,0.2384679047911295,True
TNFRSF25,TNFRSF14,0.2383443643288273,1.0,0.2383443643288273,False
TNFRSF8,LCP2,0.2374599519583069,-1.0,-0.2374599519583069,False
TNFRSF14,DEPDC7,0.2373003399504107,-1.0,-0.2373003399504107,False
TNFRSF4,GATA3,0.236172213374684,1.0,0.236172213374684,False
IL2RG,ICOS,0.2354547578194716,-1.0,-0.2354547578194716,False
GRAP,TNFRSF14,0.2341932364863392,1.0,0.2341932364863392,True
CD226,CD2,0.2341727443390731,1.0,0.2341727443390731,False
APOBEC3C,TNFRSF8,0.2340372946227731,-1.0,-0.2340372946227731,False
CD226,CD28,0.2332128181241038,1.0,0.2332128181241038,False
CD2,PAPOLG,0.2327413762614514,1.0,0.2327413762614514,False
NLRC3,ICOS,0.2326662660640762,-1.0,-0.2326662660640762,False
APOBEC3D,CD226,0.2306222889979023,1.0,0.2306222889979023,True
TNFRSF14,IL2RG,0.2292001182402293,1.0,0.2292001182402293,False
RUNX3,CD28,0.2287266393347128,-1.0,-0.2287266393347128,False
TNFRSF8,APOBEC3D,0.2284568294342889,-1.0,-0.2284568294342889,False
CD226,AKAP12,0.2273079947227248,1.0,0.2273079947227248,False
MGST3,ICOS,0.2263518785696965,-1.0,-0.2263518785696965,False
CD226,LHX6,0.225383629466678,1.0,0.225383629466678,False
MGST3,TNFRSF14,0.2218051649932057,-1.0,-0.2218051649932057,True
CD27,KLRG1,0.2217858223991642,1.0,0.2217858223991642,False
CD28,GRAP,0.2214873261269658,-1.0,-0.2214873261269658,False
TNFRSF14,LHX4,0.2203083555637248,1.0,0.2203083555637248,False
TNFRSF14,KLRG1,0.2194159868770201,1.0,0.2194159868770201,False
TNFRSF14,BICDL2,0.2190514663067415,1.0,0.2190514663067415,False
CD27,AKAP12,0.2189651058201257,-1.0,-0.2189651058201257,False
TNFRSF9,CD40,0.2185854568653683,1.0,0.2185854568653683,False
TNFRSF14,FOXL2NB,0.2174966616735494,1.0,0.2174966616735494,False
TNFRSF18,IL2RB,0.2173682324844998,1.0,0.2173682324844998,False
TNFRSF9,FOXL2NB,0.2172939955266276,-1.0,-0.2172939955266276,False
CD28,TRAF3IP2,0.2169955389681997,1.0,0.2169955389681997,False
ICOS,PAPOLG,0.2158430361099782,-1.0,-0.2158430361099782,False
ICOS,XCL1,0.2155410397524672,1.0,0.2155410397524672,False
CD247,TNFRSF14,0.2153221301145051,1.0,0.2153221301145051,False
PAPOLG,TNFRSF14,0.2150934511316065,1.0,0.2150934511316065,True
CD2,ARHGDIB,0.2150035608861154,-1.0,-0.2150035608861154,False
TNFRSF4,OTUD7B,0.2141593729951056,1.0,0.2141593729951056,False
CD226,IL9R,0.2140316720088907,1.0,0.2140316720088907,False
NLRC3,TNFRSF14,0.2135823163288857,1.0,0.2135823163288857,False
CD2,ID2,0.2132896971579072,1.0,0.2132896971579072,False
IFNG,CD28,0.2132564481964724,-1.0,-0.2132564481964724,False
TNFRSF4,CCL4,0.2127173967627579,1.0,0.2127173967627579,False
BATF,CD2,0.2101473173678249,1.0,0.2101473173678249,False
NOTCH1,TNFRSF25,0.2099835763889767,1.0,0.2099835763889767,False
APOL2,TNFRSF25,0.2097143186233659,1.0,0.2097143186233659,True
CD2,GRAP,0.2078953165075078,-1.0,-0.2078953165075078,False
CD2,APOBEC3D,0.2078811518398919,1.0,0.2078811518398919,False
RUNX3,ICOS,0.2065384685680485,1.0,0.2065384685680485,False
CD2,APOBEC3C,0.2058343008762108,1.0,0.2058343008762108,False
TNFRSF18,ITPKA,0.2056638825104587,1.0,0.2056638825104587,False
CD226,CD40,0.2054290343960982,-1.0,-0.2054290343960982,False
LCP2,CD40,0.2048089795148349,-1.0,-0.2048089795148349,False
HELZ2,CD226,0.2038011517896105,1.0,0.2038011517896105,True
CD2,TCF7,0.2021881154860894,-1.0,-0.2021881154860894,True
TNFRSF4,CD226,0.2016013274853491,-1.0,-0.2016013274853491,False
TNFRSF1B,TNFRSF4,0.200754551186142,1.0,0.200754551186142,False
CEACAM1,TNFRSF25,0.2007423204187261,1.0,0.2007423204187261,True
CD28,ID2,0.1998764097893744,-1.0,-0.1998764097893744,False
TNFRSF4,NOTCH1,0.1998392911416878,1.0,0.1998392911416878,False
RUNX3,TNFRSF9,0.1995454083293152,1.0,0.1995454083293152,False
TNFRSF18,EMP1,0.1967389779551507,1.0,0.1967389779551507,False
PRKD2,TNFRSF18,0.196190072931172,-1.0,-0.196190072931172,False
CD226,P2RY14,0.195996307159419,1.0,0.195996307159419,False
CD226,CEACAM1,0.1954013291856626,1.0,0.1954013291856626,False
LAT,CD226,0.194815693844973,1.0,0.194815693844973,False
TNFRSF18,PIK3AP1,0.19327774815663,1.0,0.19327774815663,False
CD27,TNFRSF18,0.193276806803725,-1.0,-0.193276806803725,False
TCF7,CD40,0.1931221633780289,-1.0,-0.1931221633780289,False
ICOS,CEACAM1,0.1927102350376918,-1.0,-0.1927102350376918,False
ICOS,TBX21,0.1919231785900066,1.0,0.1919231785900066,False
TNFRSF9,TNFRSF12A,0.191355992219101,1.0,0.191355992219101,False
FOSL1,ICOS,0.1900488538731035,1.0,0.1900488538731035,True
TNFRSF25,P2RY14,0.1893084797215385,1.0,0.1893084797215385,False
CD27,FOSL1,0.1892322161526403,-1.0,-0.1892322161526403,False
RAC2,CD2,0.1882668986208071,-1.0,-0.1882668986208071,False
CD226,ABCB10,0.1882244093288848,-1.0,-0.1882244093288848,False
JMJD1C,CD28,0.1877826126413261,1.0,0.1877826126413261,False
EMP1,CD27,0.1876567729536849,-1.0,-0.1876567729536849,False
IL2RB,TNFRSF4,0.1874093219965036,1.0,0.1874093219965036,True
ID2,TNFRSF4,0.1847425978666424,1.0,0.1847425978666424,False
TNFRSF25,MAP4K1,0.1834587309856416,-1.0,-0.1834587309856416,False
TNFRSF8,OTUD7B,0.1828909371931011,1.0,0.1828909371931011,False
FOXQ1,CD28,0.1823769225418074,1.0,0.1823769225418074,True
CD27,IKZF3,0.1805987480340003,1.0,0.1805987480340003,True
CD2,OTUD7A,0.1798913093503732,1.0,0.1798913093503732,False
CD27,NKG7,0.1785563381912745,-1.0,-0.1785563381912745,True
TNFRSF14,XCL1,0.1772397726583965,-1.0,-0.1772397726583965,False
CD40,RELA,0.176760366765614,1.0,0.176760366765614,False
CD2,IKZF3,0.1766545024147721,-1.0,-0.1766545024147721,False
JMJD1C,TNFRSF4,0.1756690566634912,-1.0,-0.1756690566634912,False
SLA2,TNFRSF25,0.175323766402218,1.0,0.175323766402218,False
CD27,TNF,0.1751129271544432,-1.0,-0.1751129271544432,False
PIK3AP1,CD226,0.1748873140373731,1.0,0.1748873140373731,True
CD40,PIK3AP1,0.1744466379578188,1.0,0.1744466379578188,False
TNFRSF8,CD2,0.1744164975146362,-1.0,-0.1744164975146362,False
ICOS,CNR2,0.173040082872087,-1.0,-0.173040082872087,False
TNFRSF9,LAT2,0.1711331763522332,-1.0,-0.1711331763522332,True
TNFRSF18,TNFRSF1B,0.1708619605253419,1.0,0.1708619605253419,False
TNFRSF25,FOXO1,0.1699781568277315,1.0,0.1699781568277315,False
DEF6,CD226,0.1696604070531793,1.0,0.1696604070531793,False
CD226,XCL1,0.169372919507843,1.0,0.169372919507843,False
CD40,INPPL1,0.1687749106160236,1.0,0.1687749106160236,False
APOBEC3C,TNFRSF14,0.1682197850679866,1.0,0.1682197850679866,False
OTUD7B,CD2,0.167512340939966,1.0,0.167512340939966,False
CD27,TRAF3IP2,0.1665200493077993,1.0,0.1665200493077993,False
TNFRSF18,CD2,0.1659555270121382,1.0,0.1659555270121382,False
CD28,LAT2,0.1651960110194001,-1.0,-0.1651960110194001,False
PLCG2,CD28,0.1649121185484355,-1.0,-0.1649121185484355,True
CD2,TNFRSF14,0.1642714921067286,1.0,0.1642714921067286,False
CD226,IKZF3,0.1631428482809254,-1.0,-0.1631428482809254,False
TNFRSF4,GZMA,0.1623754223720823,-1.0,-0.1623754223720823,False
FOXL2NB,CD40,0.1613997330622084,1.0,0.1613997330622084,True
CD40,FOXL2NB,0.1605519256304434,1.0,0.1605519256304434,False
ICOS,NKG7,0.1604333285523898,1.0,0.1604333285523898,False
CD2,OTUD7B,0.1598469788715105,1.0,0.1598469788715105,True
FOXO1,CD28,0.1595784081014961,1.0,0.1595784081014961,False
CD226,RAC2,0.1591095454729545,1.0,0.1591095454729545,False
TNFRSF25,NOTCH1,0.158748678098811,1.0,0.158748678098811,False
CD27,FOXO1,0.1586762780644965,1.0,0.1586762780644965,False
CD226,CD247,0.1585023231797392,1.0,0.1585023231797392,False
CD28,APOBEC3C,0.1576729765162006,1.0,0.1576729765162006,True
ICOS,KLRG1,0.1559459433142197,-1.0,-0.1559459433142197,False
TNFRSF18,XCL1,0.1557428570169536,1.0,0.1557428570169536,False
IL2RB,TNFRSF9,0.155448484677685,1.0,0.155448484677685,False
PRDM1,TNFRSF18,0.1553788524092269,1.0,0.1553788524092269,True
TNFRSF14,CD28,0.1552003927329783,1.0,0.1552003927329783,False
CD247,TNFRSF18,0.1551814759776823,1.0,0.1551814759776823,True
TNFRSF4,CD247,0.1545872182940713,-1.0,-0.1545872182940713,False
TNFRSF4,IL2RG,0.1539382318632448,-1.0,-0.1539382318632448,False
ICOS,PIK3AP1,0.153646173569405,1.0,0.153646173569405,False
NOTCH1,TNFRSF8,0.1536398980583897,1.0,0.1536398980583897,True
IKZF3,CD40,0.153279272071242,1.0,0.153279272071242,False
TNFRSF8,CEACAM1,0.1527508351034049,-1.0,-0.1527508351034049,False
EOMES,TNFRSF9,0.1520565230307768,1.0,0.1520565230307768,True
APOBEC3D,TNFRSF14,0.1507668243008941,1.0,0.1507668243008941,False
CD226,FASLG,0.150198404769064,1.0,0.150198404769064,False
CD40,TRIM21,0.1489666198750645,1.0,0.1489666198750645,False
CD226,OTUD7A,0.1478730160061767,-1.0,-0.1478730160061767,False
TNFRSF9,IL1R1,0.1474186788022156,1.0,0.1474186788022156,False
CD28,FOSB,0.1468325970157825,-1.0,-0.1468325970157825,False
TNFRSF14,EOMES,0.1458663321826844,-1.0,-0.1458663321826844,False
TAGAP,CD40,0.1456995813108252,1.0,0.1456995813108252,False
CD27,IRF4,0.1446752563298055,-1.0,-0.1446752563298055,False
TNFRSF25,PAPOLG,0.1445360081260246,1.0,0.1445360081260246,False
CD226,KLRG1,0.1435644072083997,1.0,0.1435644072083997,False
RUNX3,TNFRSF4,0.1433808370009459,1.0,0.1433808370009459,False
CD28,DEF6,0.1429704163592977,1.0,0.1429704163592977,True
TCF7,TNFRSF25,0.1419428298310483,1.0,0.1419428298310483,False
TNFRSF8,CD28,0.141937949776269,-1.0,-0.141937949776269,False
CD27,FOXQ1,0.1419113371984548,1.0,0.1419113371984548,False
TNFRSF9,LCP2,0.1412099544157499,-1.0,-0.1412099544157499,True
MUC1,CD40,0.1402343120212172,-1.0,-0.1402343120212172,False
TNFRSF14,TCF7,0.1401199224931538,1.0,0.1401199224931538,False
TNFRSF8,TNFRSF4,0.1400926056412944,1.0,0.1400926056412944,False
CD27,FASLG,0.1398835220999804,1.0,0.1398835220999804,False
LHX6,CD40,0.1397047709074271,1.0,0.1397047709074271,False
ICOS,CD27,0.139455642612634,-1.0,-0.139455642612634,False
CD2,APOL2,0.1382487887242791,-1.0,-0.1382487887242791,False
CD226,TNFRSF14,0.1380975775038507,1.0,0.1380975775038507,False
TBX21,CD226,0.1380148075007226,1.0,0.1380148075007226,False
CD40,APOBEC3D,0.1368668197954431,1.0,0.1368668197954431,False
TNFRSF8,PAPOLG,0.1366353458402894,-1.0,-0.1366353458402894,False
CD27,EOMES,0.1365121472741418,-1.0,-0.1365121472741418,False
CD2,ALX4,0.1364047653350642,-1.0,-0.1364047653350642,False
HELZ2,TNFRSF14,0.1358932353310069,1.0,0.1358932353310069,False
APOBEC3C,TNFRSF25,0.1356182239953999,-1.0,-0.1356182239953999,False
TNFRSF1B,CD28,0.1328668425360508,-1.0,-0.1328668425360508,True
CD40,TNFRSF14,0.1325714711056015,1.0,0.1325714711056015,False
EMP1,CD226,0.1324985625154668,1.0,0.1324985625154668,False
CD226,APOBEC3D,0.1323642808833135,1.0,0.1323642808833135,False
IL2RB,CD28,0.1320922383686363,-1.0,-0.1320922383686363,True
APOBEC3C,CD28,0.131525131046764,1.0,0.131525131046764,True
JMJD1C,CD226,0.1310474356133101,1.0,0.1310474356133101,False
TNFRSF9,APOL2,0.130618479223963,1.0,0.130618479223963,False
TNFRSF14,TNFRSF12A,0.1298798955536244,-1.0,-0.1298798955536244,False
ID2,TNFRSF14,0.1295583820038288,1.0,0.1295583820038288,False
TNFRSF9,TNFRSF1A,0.129355887918478,-1.0,-0.129355887918478,False
TNFRSF14,PAPOLG,0.1288678159681048,1.0,0.1288678159681048,False
TNFRSF14,RELA,0.1288060730403129,1.0,0.1288060730403129,False
ICOS,PRKD2,0.1287936532963671,-1.0,-0.1287936532963671,False
TNFRSF14,NLRC3,0.1285141713187378,1.0,0.1285141713187378,False
CD2,TNFRSF12A,0.1283858655808564,1.0,0.1283858655808564,False
LHX6,TNFRSF14,0.1281813893071122,1.0,0.1281813893071122,False
TNFRSF9,PRKD2,0.1281281664670794,-1.0,-0.1281281664670794,False
TNFRSF14,TNFRSF1B,0.1274785655568104,-1.0,-0.1274785655568104,False
CD27,LAT2,0.1272792776633277,-1.0,-0.1272792776633277,True
CD226,RUNX3,0.1272560726448316,1.0,0.1272560726448316,False
TNFRSF4,LAT,0.1271362917638066,-1.0,-0.1271362917638066,False
CD28,CEACAM1,0.1270653256736817,-1.0,-0.1270653256736817,False
TNFRSF18,APOL2,0.1263117076798341,1.0,0.1263117076798341,False
TNFRSF18,TNFRSF14,0.1245052731154292,1.0,0.1245052731154292,False
CD28,VAV1,0.1234909124116217,-1.0,-0.1234909124116217,False
TNFRSF25,TNFRSF1A,0.1229634439705243,-1.0,-0.1229634439705243,False
ICOS,IL2,0.1225413819844843,1.0,0.1225413819844843,False
RAC2,ICOS,0.1225384829053546,-1.0,-0.1225384829053546,False
TNFRSF9,CD226,0.1223552198349499,-1.0,-0.1223552198349499,False
CD2,EMP3,0.121683124319784,-1.0,-0.121683124319784,False
RAC2,CD226,0.121365599899689,1.0,0.121365599899689,True
TNFRSF18,GZMB,0.1203485436893429,1.0,0.1203485436893429,False
EOMES,CD226,0.1203475822028261,-1.0,-0.1203475822028261,True
TNFRSF25,DEPDC7,0.1202006289368582,1.0,0.1202006289368582,False
PAPOLG,TNFRSF4,0.1196035159805595,1.0,0.1196035159805595,True
IKZF3,TNFRSF14,0.1195913142164111,1.0,0.1195913142164111,True
TNFRSF25,RELA,0.11887316747988,-1.0,-0.11887316747988,False
TNFRSF9,WT1,0.118781379173319,-1.0,-0.118781379173319,False
DEF6,CD27,0.1185633688745442,1.0,0.1185633688745442,True
TNFRSF8,ICOS,0.1178465616771558,1.0,0.1178465616771558,False
TNFRSF25,SLA2,0.1177032694922983,1.0,0.1177032694922983,False
CD226,CD27,0.1175432606614611,1.0,0.1175432606614611,False
CD2,ICOS,0.1172315367176934,1.0,0.1172315367176934,True
CD2,HELZ2,0.1171371583450336,1.0,0.1171371583450336,False
OTUD7A,CD28,0.1168513364993144,1.0,0.1168513364993144,False
OTUD7A,CD226,0.116839915946809,-1.0,-0.116839915946809,False
TAGAP,TNFRSF18,0.1167532585821415,1.0,0.1167532585821415,False
NLRC3,CD27,0.1166867536585898,1.0,0.1166867536585898,True
CD28,IL2,0.1166033884729674,1.0,0.1166033884729674,False
TNFRSF9,P2RY14,0.1165955661747317,1.0,0.1165955661747317,False
ICOS,FASLG,0.1165040079092543,1.0,0.1165040079092543,False
TNFRSF25,TNFRSF18,0.1162571990908877,1.0,0.1162571990908877,False
ICOS,GATA3,0.1156486842954435,1.0,0.1156486842954435,False
IL2RB,CD226,0.11535272460206,1.0,0.11535272460206,False
TNFRSF18,CCL4,0.115211706751565,1.0,0.115211706751565,False
TNFRSF25,CBY1,0.1151974748458849,-1.0,-0.1151974748458849,False
TNFRSF1B,TNFRSF8,0.1149678180382508,1.0,0.1149678180382508,True
GATA3,CD226,0.1139378513184187,1.0,0.1139378513184187,False
MGST3,CD2,0.1135696929664133,-1.0,-0.1135696929664133,False
ALX4,CD40,0.1133468912705696,1.0,0.1133468912705696,False
CD2,MUC1,0.1131512733421011,-1.0,-0.1131512733421011,False
JMJD1C,TNFRSF9,0.1131468793085879,-1.0,-0.1131468793085879,True
CD40,PAPOLG,0.1130337417205158,1.0,0.1130337417205158,False
CD226,SLA2,0.1125032659835221,1.0,0.1125032659835221,False
TNFRSF25,MGST3,0.1122898888211549,-1.0,-0.1122898888211549,False
CD28,P2RY14,0.1120056492941513,1.0,0.1120056492941513,False
CD2,PRKD2,0.1097101401137692,-1.0,-0.1097101401137692,False
ALX4,CD226,0.1096365481629949,1.0,0.1096365481629949,True
TNFRSF8,CNR2,0.1095154907648667,1.0,0.1095154907648667,False
CD28,PRF1,0.1092112707204365,-1.0,-0.1092112707204365,False
INPPL1,CD40,0.108912423187055,1.0,0.108912423187055,False
CD40,PLCG2,0.1086842470317074,1.0,0.1086842470317074,False
TNFRSF9,OTUD7A,0.1086087633327912,-1.0,-0.1086087633327912,False
TNFRSF9,KLRG1,0.1083370362968172,-1.0,-0.1083370362968172,False
ID2,CD226,0.1082502630029873,1.0,0.1082502630029873,False
TNFRSF1B,TNFRSF18,0.1081940306392446,1.0,0.1081940306392446,False
DEF6,TNFRSF25,0.1080729836517217,1.0,0.1080729836517217,False
CD27,TNFRSF25,0.1079409552781716,-1.0,-0.1079409552781716,False
CD226,FOXQ1,0.1078789261654503,1.0,0.1078789261654503,False
RAC2,TNFRSF4,0.1077864562834124,-1.0,-0.1077864562834124,False
ICOS,GNLY,0.1073751637335651,-1.0,-0.1073751637335651,False
NLRC3,TNFRSF4,0.1070799407990231,-1.0,-0.1070799407990231,False
CD28,CD2,0.1069897392272988,1.0,0.1069897392272988,False
CD27,IL2RB,0.1063502635723581,-1.0,-0.1063502635723581,True
CD28,IL1R1,0.1063421302029438,-1.0,-0.1063421302029438,False
CD28,ABCB10,0.104846436970048,-1.0,-0.104846436970048,True
TNFRSF14,CEACAM1,0.1042208281900855,1.0,0.1042208281900855,False
TNFRSF14,DEF6,0.1041785033425881,1.0,0.1041785033425881,False
TNFRSF9,ID2,0.1040010183360591,1.0,0.1040010183360591,False
CD27,ICOS,0.1037405697939949,-1.0,-0.1037405697939949,True
EMP1,CD28,0.1036133345537753,1.0,0.1036133345537753,False
TNFRSF8,TBX21,0.1034418818081344,1.0,0.1034418818081344,False
TNFRSF8,FOXO1,0.1029899390556924,-1.0,-0.1029899390556924,False
TNFRSF14,GNLY,0.1028834871463588,-1.0,-0.1028834871463588,False
FOXL2NB,CD2,0.1022732694993836,-1.0,-0.1022732694993836,True
TNFRSF18,TAGAP,0.1016913835936073,1.0,0.1016913835936073,False
RUNX3,CD40,0.101600562324291,-1.0,-0.101600562324291,False
JMJD1C,TNFRSF25,0.1015479152267344,-1.0,-0.1015479152267344,True
IL2RG,TNFRSF4,0.1006780896986177,-1.0,-0.1006780896986177,True
CD27,GATA3,0.0999959118554126,-1.0,-0.0999959118554126,True
OTUD7A,TNFRSF14,0.0996780098969182,1.0,0.0996780098969182,True
CD226,ITPKA,0.0996333530460488,1.0,0.0996333530460488,False
TNFRSF4,EMP1,0.098990819143231,1.0,0.098990819143231,False
TNFRSF14,LTBR,0.0986854471589012,-1.0,-0.0986854471589012,False
TNFRSF4,NKG7,0.0985968079433749,-1.0,-0.0985968079433749,False
CD27,XCL1,0.0984575338743294,-1.0,-0.0984575338743294,False
IRF4,CD226,0.0984178017206142,-1.0,-0.0984178017206142,False
TNFRSF4,CBY1,0.097422455806963,-1.0,-0.097422455806963,False
CD226,LAT2,0.0972942418005831,1.0,0.0972942418005831,False
CD28,LAT,0.0965408129330624,1.0,0.0965408129330624,True
APOBEC3C,CD2,0.0960398989047182,1.0,0.0960398989047182,True
CD27,DEPDC7,0.0955190273031749,-1.0,-0.0955190273031749,False
ABCB10,TNFRSF8,0.0954945525314565,1.0,0.0954945525314565,False
TNFRSF25,IL9R,0.0953586488965228,1.0,0.0953586488965228,False
TNFRSF4,TNFRSF14,0.0950744793653705,1.0,0.0950744793653705,False
TNFRSF25,PRKD2,0.0945376529129962,-1.0,-0.0945376529129962,False
RUNX3,TNFRSF18,0.0943896865389667,1.0,0.0943896865389667,False
CD226,EMP1,0.0943517836102162,1.0,0.0943517836102162,False
TNFRSF25,LHX4,0.0941490958866651,-1.0,-0.0941490958866651,False
CD27,LCP2,0.0932987762779396,1.0,0.0932987762779396,False
CD247,ICOS,0.0929988511095287,-1.0,-0.0929988511095287,False
IKZF3,CD226,0.0924383844405736,-1.0,-0.0924383844405736,True
CD28,NLRC3,0.0922181769644689,1.0,0.0922181769644689,True
CD28,KLRG1,0.0919008135090298,1.0,0.0919008135090298,False
FOSB,TNFRSF18,0.0916068662617907,1.0,0.0916068662617907,False
CD28,CCL5,0.0912787584569299,1.0,0.0912787584569299,True
VAV1,CD28,0.0908050117644618,-1.0,-0.0908050117644618,True
ICOS,TNFRSF12A,0.0907503185870158,1.0,0.0907503185870158,False
TNFRSF18,PLCG2,0.0905512276094005,-1.0,-0.0905512276094005,False
TNFRSF18,IRF4,0.0904047161482799,1.0,0.0904047161482799,False
TBX21,TNFRSF4,0.0903033447812458,1.0,0.0903033447812458,False
TAGAP,CD226,0.0902939833656819,1.0,0.0902939833656819,False
TNFRSF25,CD226,0.0897976699146036,1.0,0.0897976699146036,False
CBY1,CD226,0.0892315814979808,-1.0,-0.0892315814979808,False
BATF,TNFRSF18,0.088363002854444,1.0,0.088363002854444,False
CD2,LAT2,0.0881297498500343,-1.0,-0.0881297498500343,False
PLCG2,TNFRSF14,0.0879762438204679,1.0,0.0879762438204679,False
PLCG2,CD2,0.0878377759097054,1.0,0.0878377759097054,True
CD2,TNFRSF9,0.0876818429740474,1.0,0.0876818429740474,True
ICOS,LHX6,0.0868747936907966,-1.0,-0.0868747936907966,False
NLRC3,TNFRSF8,0.0868569071238229,-1.0,-0.0868569071238229,False
DEF6,TNFRSF8,0.0865746427569112,-1.0,-0.0865746427569112,False
GATA3,CD27,0.0865370691378382,-1.0,-0.0865370691378382,True
TNFRSF8,MUC1,0.0864161699337583,-1.0,-0.0864161699337583,False
CD40,CD226,0.0853545865671617,-1.0,-0.0853545865671617,False
CD226,HELZ2,0.0841576019871679,1.0,0.0841576019871679,False
TNFRSF4,EMP3,0.0837144030344691,-1.0,-0.0837144030344691,False
TNFRSF14,RUNX3,0.0836642657488667,-1.0,-0.0836642657488667,False
TNFRSF18,CD247,0.0835702501581527,1.0,0.0835702501581527,False
LAT2,TNFRSF25,0.0830458038228847,-1.0,-0.0830458038228847,True
CD27,GNLY,0.0826737518574977,1.0,0.0826737518574977,False
EMP1,TNFRSF18,0.0825574310495338,1.0,0.0825574310495338,False
EMP3,ICOS,0.0822046819578169,-1.0,-0.0822046819578169,False
TNFRSF8,DEF6,0.0815483777738916,-1.0,-0.0815483777738916,False
DEF6,TNFRSF14,0.0811675848313949,1.0,0.0811675848313949,False
ZEB2,TNFRSF9,0.0810608338850045,1.0,0.0810608338850045,False
ICOS,LHX4,0.0806703712077615,1.0,0.0806703712077615,False
ICOS,HELZ2,0.0799316946025735,-1.0,-0.0799316946025735,False
TNFRSF4,RAC2,0.0797303843194716,-1.0,-0.0797303843194716,False
CD2,PIK3AP1,0.0794501640496357,-1.0,-0.0794501640496357,False
FOSL1,TNFRSF9,0.0794292295545425,1.0,0.0794292295545425,True
TNFRSF9,PRDM13,0.0790283997617669,1.0,0.0790283997617669,False
CD2,TAGAP,0.0788120442508459,1.0,0.0788120442508459,True
CD27,FOSB,0.0782985208175404,-1.0,-0.0782985208175404,False
RELA,TNFRSF25,0.0780021068244061,-1.0,-0.0780021068244061,False
TNFRSF8,EMP1,0.0778337805928954,1.0,0.0778337805928954,False
OTUD7B,CD226,0.0770874798551643,-1.0,-0.0770874798551643,True
FOXL2NB,TNFRSF14,0.0770808786099779,1.0,0.0770808786099779,True
LHX4,CD226,0.0770517342852011,-1.0,-0.0770517342852011,True
TNFRSF1A,CD27,0.0766659700148526,1.0,0.0766659700148526,False
TNFRSF4,P2RY14,0.0765810319397875,1.0,0.0765810319397875,False
CD28,IKZF3,0.0761599960949684,1.0,0.0761599960949684,False
CD28,IL9R,0.0761137946176006,1.0,0.0761137946176006,False
CD226,FOSB,0.0759145485120623,1.0,0.0759145485120623,False
ICOS,VAV1,0.0758288995190367,1.0,0.0758288995190367,False
TNFRSF14,FOSL1,0.0749510093391522,-1.0,-0.0749510093391522,False
CD226,BATF,0.0746903047265419,-1.0,-0.0746903047265419,False
PRDM1,TNFRSF25,0.0745269504861999,-1.0,-0.0745269504861999,True
TNFRSF4,GRAP,0.0740336723451174,-1.0,-0.0740336723451174,False
LCP2,CD28,0.0739621538312239,1.0,0.0739621538312239,False
CD226,ARHGDIB,0.0738593437754049,1.0,0.0738593437754049,False
TNFRSF8,TNFRSF25,0.0737230862263736,-1.0,-0.0737230862263736,False
CD2,LAT,0.0730806142558286,1.0,0.0730806142558286,True
TRIM21,TNFRSF8,0.0730062316511472,-1.0,-0.0730062316511472,False
BATF,CD40,0.0726095688463187,1.0,0.0726095688463187,False
TNFRSF8,AKAP12,0.0725427152284754,1.0,0.0725427152284754,False
LAT,TNFRSF4,0.0724955508430678,-1.0,-0.0724955508430678,True
TNFRSF14,NKG7,0.0724451098740081,-1.0,-0.0724451098740081,False
PLCG2,CD27,0.072384426630406,1.0,0.072384426630406,True
CD226,WT1,0.072275848333452,1.0,0.072275848333452,False
CD2,PRDM13,0.0720850571530259,-1.0,-0.0720850571530259,False
ICOS,TRAF3IP2,0.0718189986276574,1.0,0.0718189986276574,False
JMJD1C,ICOS,0.0717621240225421,-1.0,-0.0717621240225421,True
TNFRSF14,SLA2,0.0715130565764779,1.0,0.0715130565764779,False
GATA3,TNFRSF4,0.0714606564488529,1.0,0.0714606564488529,True
TNFRSF4,PIK3AP1,0.0713912148608267,-1.0,-0.0713912148608267,False
LHX4,CD28,0.0711936439994606,-1.0,-0.0711936439994606,True
CD27,VAV1,0.0707608230822619,-1.0,-0.0707608230822619,False
CD226,MAP4K1,0.0706106907191977,1.0,0.0706106907191977,False
LAT,TNFRSF25,0.0705794209636142,1.0,0.0705794209636142,False
TNFRSF8,CD40,0.0704438767677757,1.0,0.0704438767677757,False
LAT,CD2,0.0702171217750189,1.0,0.0702171217750189,False
TRIM21,TNFRSF18,0.0695764667325521,-1.0,-0.0695764667325521,False
TNFRSF8,MAP4K1,0.0692608179975611,-1.0,-0.0692608179975611,False
CD27,MAP4K1,0.0690308156709147,-1.0,-0.0690308156709147,False
TNFRSF25,XCL1,0.0690200203872525,-1.0,-0.0690200203872525,False
TNFRSF18,LCP2,0.0690190131132947,1.0,0.0690190131132947,False
CD2,TRIM21,0.0685672420522834,-1.0,-0.0685672420522834,False
TNFRSF8,PRF1,0.0682922958117902,-1.0,-0.0682922958117902,False
MGST3,TNFRSF4,0.0680154705316353,-1.0,-0.0680154705316353,False
PRKD2,TNFRSF25,0.0676093325748701,-1.0,-0.0676093325748701,False
CD2,TRAF3IP2,0.0669155047411128,-1.0,-0.0669155047411128,False
PRKD2,CD40,0.0668293720549277,-1.0,-0.0668293720549277,False
TRAF3IP2,CD28,0.0666400746722513,1.0,0.0666400746722513,False
LAT2,CD28,0.0664455088226094,-1.0,-0.0664455088226094,True
APOBEC3D,TNFRSF25,0.0661709836176478,1.0,0.0661709836176478,True
TNFRSF8,P2RY14,0.0658973845337975,-1.0,-0.0658973845337975,False
TNFRSF14,ZEB2,0.0658568334129359,-1.0,-0.0658568334129359,False
TNFRSF4,CNR2,0.0658349485211948,1.0,0.0658349485211948,False
CD2,TNF,0.0656200856092319,1.0,0.0656200856092319,True
TNFRSF1B,CD27,0.0654971916724897,-1.0,-0.0654971916724897,True
LCP2,TNFRSF8,0.0650074721027606,-1.0,-0.0650074721027606,False
CD28,CD247,0.0646840503839424,1.0,0.0646840503839424,True
ICOS,CD226,0.0645390934219284,-1.0,-0.0645390934219284,False
ICOS,APOL2,0.0638881536927971,1.0,0.0638881536927971,False
CD28,TNFRSF8,0.0638636761446149,-1.0,-0.0638636761446149,True
TNFRSF25,JMJD1C,0.0637504766773201,-1.0,-0.0637504766773201,False
CD226,EMP3,0.0633323571255904,-1.0,-0.0633323571255904,False
TNFRSF4,FOXD2,0.0632434493316767,1.0,0.0632434493316767,False
TRAF3IP2,TNFRSF18,0.06316234341339,-1.0,-0.06316234341339,False
CD28,TNFRSF1A,0.0629021950309154,-1.0,-0.0629021950309154,False
NOTCH1,ICOS,0.0628283066889527,1.0,0.0628283066889527,True
ICOS,TNFRSF14,0.0624695039736339,-1.0,-0.0624695039736339,False
CD28,CBY1,0.0622885894519804,-1.0,-0.0622885894519804,False
CD226,TRAF3IP2,0.0622110476700171,-1.0,-0.0622110476700171,False
MUC1,TNFRSF14,0.0621172189284468,1.0,0.0621172189284468,True
CD226,APOBEC3C,0.062071318771376,1.0,0.062071318771376,False
TNFRSF4,TNFRSF9,0.0618484722772311,1.0,0.0618484722772311,False
ICOS,INPPL1,0.0615925687500018,1.0,0.0615925687500018,False
TNFRSF14,CD226,0.0613164614729857,1.0,0.0613164614729857,False
CD27,RUNX3,0.0611947435302293,1.0,0.0611947435302293,True
TNFRSF8,ITPKA,0.0609945582895342,1.0,0.0609945582895342,False
APOBEC3C,TNFRSF18,0.0609518988470914,-1.0,-0.0609518988470914,False
TNFRSF4,TBX21,0.0606357636194954,1.0,0.0606357636194954,False
TNFRSF4,TNFRSF1A,0.0605299000005962,-1.0,-0.0605299000005962,False
TNFRSF4,IL2RB,0.0604322960570096,1.0,0.0604322960570096,False
ID2,CD2,0.0591321750639904,1.0,0.0591321750639904,False
TNFRSF4,PRDM13,0.0587968493288796,-1.0,-0.0587968493288796,False
TNFRSF14,CD40,0.0586927289367254,1.0,0.0586927289367254,False
TNFRSF25,CD247,0.0586594995876846,1.0,0.0586594995876846,False
SLA2,CD40,0.058335189384152,-1.0,-0.058335189384152,False
TNFRSF25,LCP2,0.0583289932577379,1.0,0.0583289932577379,False
TNFRSF18,TNFRSF9,0.0582295446707882,1.0,0.0582295446707882,False
TNFRSF14,FASLG,0.0581806679818625,-1.0,-0.0581806679818625,False
IL2RB,TNFRSF25,0.0576262416147623,1.0,0.0576262416147623,True
AKAP12,TNFRSF25,0.0575459172985002,1.0,0.0575459172985002,False
TNFRSF8,SLA2,0.0575055815942417,1.0,0.0575055815942417,False
AKAP12,TNFRSF8,0.0564883876105194,1.0,0.0564883876105194,False
TNFRSF9,VAV1,0.056393848291637,1.0,0.056393848291637,False
CD2,ABCB10,0.0562364139793695,-1.0,-0.0562364139793695,False
INPPL1,TNFRSF25,0.0562038897590023,-1.0,-0.0562038897590023,True
TNFRSF14,IL1R1,0.0561432727377046,-1.0,-0.0561432727377046,False
TNFRSF8,CCL4,0.0558632206157668,1.0,0.0558632206157668,False
CD226,TCF7,0.0558105659750436,1.0,0.0558105659750436,False
ICOS,EMP3,0.0557403745218227,-1.0,-0.0557403745218227,False
TNFRSF4,APOBEC3D,0.0552206663931616,-1.0,-0.0552206663931616,False
TNFRSF14,P2RY14,0.0550698345007376,1.0,0.0550698345007376,False
TNFRSF25,GATA3,0.0546643542681102,1.0,0.0546643542681102,False
TNFRSF8,NKG7,0.05437505847464,1.0,0.05437505847464,False
PAPOLG,CD226,0.0542492901934645,-1.0,-0.0542492901934645,True
EMP3,TNFRSF9,0.0541823730961599,-1.0,-0.0541823730961599,False
TNFRSF18,PRDM1,0.0538609898357483,1.0,0.0538609898357483,False
CD28,ZEB2,0.0537247226958814,-1.0,-0.0537247226958814,False
FOSL1,TNFRSF14,0.0537207261012075,-1.0,-0.0537207261012075,True
CD28,NKG7,0.0537146722090264,-1.0,-0.0537146722090264,False
CD226,GZMB,0.0536912085839334,-1.0,-0.0536912085839334,False
CD2,TNFRSF4,0.052919611629711,1.0,0.052919611629711,False
TNFRSF25,TBX21,0.0519127931404214,-1.0,-0.0519127931404214,False
TNFRSF25,TRIM21,0.0516762403956144,-1.0,-0.0516762403956144,False
EMP3,TNFRSF14,0.0516685113151134,1.0,0.0516685113151134,False
MGST3,CD27,0.0516246911299805,1.0,0.0516246911299805,False
GATA3,CD28,0.0515970941576016,-1.0,-0.0515970941576016,True
TNFRSF9,ALX4,0.051566256873147,-1.0,-0.051566256873147,False
TNFRSF8,MGST3,0.0515019004666337,-1.0,-0.0515019004666337,False
CD28,CCL4,0.0512546795335296,1.0,0.0512546795335296,True
PRKD2,TNFRSF14,0.0511182037202246,1.0,0.0511182037202246,False
CD28,APOBEC3D,0.0509023562646164,1.0,0.0509023562646164,False
TNFRSF25,TAGAP,0.0506217294026577,1.0,0.0506217294026577,False
APOL2,CD40,0.0503688782022672,1.0,0.0503688782022672,False
ZEB2,CD27,0.0499822822761995,-1.0,-0.0499822822761995,False
FOXD2,TNFRSF8,0.0498984290636205,1.0,0.0498984290636205,True
FOXO1,TNFRSF4,0.0495939185303996,-1.0,-0.0495939185303996,False
CD28,OTUD7B,0.049283574332483,1.0,0.049283574332483,False
JMJD1C,TNFRSF8,0.049196605269246,-1.0,-0.049196605269246,True
LHX6,CD226,0.0488546622724856,1.0,0.0488546622724856,False
TNFRSF18,IFNG,0.0486565011847751,1.0,0.0486565011847751,False
CNR2,TNFRSF8,0.0483663892107423,1.0,0.0483663892107423,True
NOTCH1,TNFRSF9,0.0481596087107563,1.0,0.0481596087107563,False
TNFRSF18,TRIM21,0.0478733568984533,-1.0,-0.0478733568984533,False
TNFRSF14,APOBEC3C,0.0476541455843579,1.0,0.0476541455843579,False
ITPKA,TNFRSF14,0.0470581021601188,1.0,0.0470581021601188,True
TNFRSF4,ZEB2,0.0467166078313142,1.0,0.0467166078313142,False
APOL2,CD28,0.0466954450773655,1.0,0.0466954450773655,False
CD40,PRDM13,0.046525003567108,1.0,0.046525003567108,False
CD2,SLA2,0.0465162852659392,1.0,0.0465162852659392,False
CD28,FOSL1,0.0464993835477064,1.0,0.0464993835477064,False
JMJD1C,CD27,0.0463531708330167,1.0,0.0463531708330167,False
IL9R,CD226,0.0462104454221656,1.0,0.0462104454221656,True
CBY1,TNFRSF14,0.0460063185793342,1.0,0.0460063185793342,False
MAP4K1,CD2,0.045908888376537,-1.0,-0.045908888376537,True
TNFRSF18,LTBR,0.045775708158936,1.0,0.045775708158936,False
TNFRSF14,GZMA,0.0456126910676229,1.0,0.0456126910676229,False
TNFRSF9,APOBEC3D,0.0454919981703264,-1.0,-0.0454919981703264,False
HELZ2,TNFRSF18,0.0454565005043206,1.0,0.0454565005043206,False
CD2,CCL5,0.0447797035640106,1.0,0.0447797035640106,False
TNFRSF14,GZMB,0.0442599259857076,-1.0,-0.0442599259857076,False
TNFRSF14,TRIM21,0.0440276019027131,1.0,0.0440276019027131,False
CD2,KLRG1,0.0439571077078134,-1.0,-0.0439571077078134,False
TNFRSF14,TNFRSF1A,0.0437801877034817,-1.0,-0.0437801877034817,False
LCP2,TNFRSF25,0.0435643170006402,1.0,0.0435643170006402,False
IKZF3,TNFRSF18,0.0432445317203886,-1.0,-0.0432445317203886,False
TNFRSF18,LAT,0.0430465856682673,-1.0,-0.0430465856682673,False
TNFRSF14,MAP4K1,0.0423979692557083,1.0,0.0423979692557083,False
CD226,LAT,0.0423332325201417,1.0,0.0423332325201417,False
DEF6,TNFRSF4,0.0422738404315351,-1.0,-0.0422738404315351,False
DEF6,TNFRSF9,0.0422069165021698,-1.0,-0.0422069165021698,False
PRDM1,TNFRSF8,0.0421855815195612,1.0,0.0421855815195612,False
CD226,TNFRSF12A,0.0416337220833502,-1.0,-0.0416337220833502,False
CD28,CD40,0.0415816704342432,-1.0,-0.0415816704342432,False
CD28,TNFRSF18,0.0411095789291274,-1.0,-0.0411095789291274,False
ID2,TNFRSF8,0.0405077905946326,1.0,0.0405077905946326,False
CD27,ARHGDIB,0.0402535035366444,1.0,0.0402535035366444,True
APOL2,CD226,0.0398440082723434,1.0,0.0398440082723434,False
TNFRSF4,TCF7,0.0397539502976078,-1.0,-0.0397539502976078,False
P2RY14,CD27,0.0396342711584685,1.0,0.0396342711584685,True
IL1R1,TNFRSF8,0.0396202925993777,1.0,0.0396202925993777,True
CD28,GZMB,0.039295222663152,-1.0,-0.039295222663152,True
CD2,GZMA,0.0390662308396186,1.0,0.0390662308396186,False
CD28,IRF4,0.0390608014792828,1.0,0.0390608014792828,False
TNFRSF8,TNFRSF1A,0.0389472905711793,-1.0,-0.0389472905711793,False
ITPKA,TNFRSF4,0.0386640210690382,1.0,0.0386640210690382,True
SLA2,CD27,0.0384624358363391,1.0,0.0384624358363391,False
GATA3,ICOS,0.0382656694402009,1.0,0.0382656694402009,False
TNFRSF8,ABCB10,0.0382043541525761,1.0,0.0382043541525761,False
ICOS,APOBEC3C,0.0378059642527418,-1.0,-0.0378059642527418,False
TNFRSF9,CEACAM1,0.0377726468475808,-1.0,-0.0377726468475808,False
TNFRSF18,CNR2,0.0377686835968559,1.0,0.0377686835968559,False
CD226,ID2,0.0377458147581313,1.0,0.0377458147581313,False
PRKD2,TNFRSF4,0.0376069509856033,-1.0,-0.0376069509856033,False
TNFRSF18,EOMES,0.0373521088153905,1.0,0.0373521088153905,False
CD226,OTUD7B,0.0371732173884434,-1.0,-0.0371732173884434,False
CD40,TNFRSF8,0.0370070517282597,1.0,0.0370070517282597,False
MAP4K1,ICOS,0.036950706708618,-1.0,-0.036950706708618,True
TNFRSF1A,CD226,0.0369350663431091,-1.0,-0.0369350663431091,True
GATA3,TNFRSF14,0.0361797790858102,-1.0,-0.0361797790858102,True
ABCB10,ICOS,0.0360083272809384,1.0,0.0360083272809384,True
TNFRSF8,EOMES,0.03579330337006,-1.0,-0.03579330337006,False
TNFRSF25,HELZ2,0.0354602857788103,-1.0,-0.0354602857788103,False
CEACAM1,TNFRSF4,0.0354171330323042,1.0,0.0354171330323042,False
CD226,GATA3,0.0353103352071645,1.0,0.0353103352071645,False
LCP2,TNFRSF9,0.0346604490716255,-1.0,-0.0346604490716255,False
TNFRSF4,APOBEC3C,0.0345319251684928,-1.0,-0.0345319251684928,False
IL2RG,CD28,0.0345274985665553,1.0,0.0345274985665553,False
P2RY14,ICOS,0.0344887693539492,1.0,0.0344887693539492,False
CD2,IL1R1,0.0343381776909916,-1.0,-0.0343381776909916,False
CNR2,CD28,0.0342125571816058,-1.0,-0.0342125571816058,True
ABCB10,TNFRSF4,0.0337728810055524,1.0,0.0337728810055524,True
TNFRSF14,FOXQ1,0.0334694012144389,-1.0,-0.0334694012144389,False
TRIM21,TNFRSF9,0.0332573495337259,-1.0,-0.0332573495337259,False
TNFRSF8,XCL1,0.0331467778986575,1.0,0.0331467778986575,False
IL1R1,CD28,0.0331409743062141,-1.0,-0.0331409743062141,True
TNFRSF9,GATA3,0.0331403881419104,1.0,0.0331403881419104,False
TNFRSF4,TNFRSF12A,0.0331243996925028,1.0,0.0331243996925028,False
TNFRSF4,GNLY,0.03280282989633,1.0,0.03280282989633,False
TNFRSF25,WT1,0.032751434802635,-1.0,-0.032751434802635,False
TNFRSF25,IKZF3,0.0326530822036558,-1.0,-0.0326530822036558,False
CD28,TRIM21,0.0326177803342511,1.0,0.0326177803342511,False
INPPL1,TNFRSF4,0.0325305190074723,1.0,0.0325305190074723,False
CEACAM1,CD28,0.0323964183617059,-1.0,-0.0323964183617059,False
ICOS,APOBEC3D,0.0317997481462562,-1.0,-0.0317997481462562,False
TNFRSF18,ABCB10,0.0315003162270463,1.0,0.0315003162270463,False
PLCG2,TNFRSF18,0.0311922560878447,-1.0,-0.0311922560878447,False
TNFRSF25,FOSL1,0.0311554424962041,-1.0,-0.0311554424962041,False
TNFRSF4,GZMK,0.0310864627156025,-1.0,-0.0310864627156025,False
TNFRSF14,NOTCH1,0.0310342541631931,-1.0,-0.0310342541631931,False
VAV1,TNFRSF18,0.0306347691000364,-1.0,-0.0306347691000364,False
PLCG2,TNFRSF8,0.0304136507480178,-1.0,-0.0304136507480178,False
CD27,ALX4,0.0302276580788957,-1.0,-0.0302276580788957,False
TRAF3IP2,TNFRSF8,0.0301503424310835,1.0,0.0301503424310835,True
CD27,FOXL2NB,0.0301372276960799,-1.0,-0.0301372276960799,False
ICOS,FOXL2NB,0.0301158887647213,-1.0,-0.0301158887647213,False
CD40,XCL1,0.0297975883134227,1.0,0.0297975883134227,False
TNFRSF14,TNFRSF8,0.029171390236282,-1.0,-0.029171390236282,False
LTBR,ICOS,0.0290144325017004,-1.0,-0.0290144325017004,True
CD226,TNFRSF1B,0.0280458260046334,1.0,0.0280458260046334,False
TNFRSF25,LAT,0.0278534833651949,1.0,0.0278534833651949,False
TNFRSF14,EMP3,0.0278453337842443,1.0,0.0278453337842443,False
CD226,FOSL1,0.027774246602725,1.0,0.027774246602725,False
CD28,TCF7,0.0276552480635488,1.0,0.0276552480635488,False
MAP4K1,CD27,0.0268199971695764,-1.0,-0.0268199971695764,True
INPPL1,TNFRSF8,0.0267120281716741,1.0,0.0267120281716741,False
APOBEC3D,CD27,0.0266079937320595,1.0,0.0266079937320595,True
LAT,TNFRSF18,0.0263941899297099,-1.0,-0.0263941899297099,False
TNFRSF14,RAC2,0.0260652399558742,1.0,0.0260652399558742,False
CD226,IFNG,0.0259329991100159,1.0,0.0259329991100159,False
CD226,BICDL2,0.025831305690856,1.0,0.025831305690856,False
IL9R,TNFRSF14,0.0257498423525039,1.0,0.0257498423525039,True
CD2,BICDL2,0.0257427465708802,-1.0,-0.0257427465708802,False
LTBR,CD27,0.0254551147056396,-1.0,-0.0254551147056396,True
CD40,KLRG1,0.0254445890693441,-1.0,-0.0254445890693441,False
TNFRSF18,MAP4K1,0.0250800659341163,-1.0,-0.0250800659341163,False
TAGAP,TNFRSF14,0.0250647254708521,-1.0,-0.0250647254708521,True
OTUD7B,CD27,0.0250411529463607,-1.0,-0.0250411529463607,False
ICOS,PRF1,0.0244050727442346,-1.0,-0.0244050727442346,False
TNFRSF25,CCL5,0.0241367767942089,1.0,0.0241367767942089,False
IL2,TNFRSF9,0.0240296669209726,1.0,0.0240296669209726,False
FOSL1,CD27,0.024012035135672,-1.0,-0.024012035135672,False
CD28,FASLG,0.0240007896752302,-1.0,-0.0240007896752302,False
TNFRSF25,GZMK,0.0239533116496799,-1.0,-0.0239533116496799,False
LAT2,CD2,0.0237415028889967,-1.0,-0.0237415028889967,True
TBX21,CD27,0.0236694886487368,-1.0,-0.0236694886487368,False
TNFRSF8,TNFRSF9,0.023617689675954,1.0,0.023617689675954,False
FOSL1,CD28,0.0234580822851123,1.0,0.0234580822851123,True
CEACAM1,CD27,0.0234308698876237,-1.0,-0.0234308698876237,False
PRKD2,CD28,0.0234218405737424,1.0,0.0234218405737424,False
TNFRSF18,FOXD2,0.0232172501736148,1.0,0.0232172501736148,False
CD2,IRF4,0.0230547113603206,1.0,0.0230547113603206,True
CD28,RAC2,0.0229884242458993,1.0,0.0229884242458993,False
TNFRSF18,PRDM13,0.0229199130809738,1.0,0.0229199130809738,False
NOTCH1,CD226,0.02270826275951,-1.0,-0.02270826275951,False
TNFRSF14,GATA3,0.0226050591257984,-1.0,-0.0226050591257984,False
CD2,AKAP12,0.0225862126162796,1.0,0.0225862126162796,False
PRDM1,CD27,0.0221056673852453,-1.0,-0.0221056673852453,True
LAT2,TNFRSF9,0.0220989202140778,-1.0,-0.0220989202140778,True
EMP3,TNFRSF4,0.0220755560938031,-1.0,-0.0220755560938031,False
FOXD2,CD2,0.0219570808073271,1.0,0.0219570808073271,True
PLCG2,TNFRSF4,0.0217746866706799,-1.0,-0.0217746866706799,False
RAC2,CD28,0.0216467292094911,1.0,0.0216467292094911,False
IL1R1,TNFRSF18,0.0215176986707505,1.0,0.0215176986707505,False
RELA,CD2,0.0211036905386765,-1.0,-0.0211036905386765,True
P2RY14,TNFRSF4,0.021017946230357,1.0,0.021017946230357,False
TNFRSF25,FOXQ1,0.0208420491407635,1.0,0.0208420491407635,False
TNFRSF18,RUNX3,0.0207473039920673,1.0,0.0207473039920673,False
APOL2,TNFRSF18,0.0203331215845658,1.0,0.0203331215845658,False
TRIM21,CD226,0.0201546871025127,1.0,0.0201546871025127,False
CD226,TNF,0.0200947726828285,-1.0,-0.0200947726828285,False
CD247,TNFRSF4,0.0200454370253304,-1.0,-0.0200454370253304,False
CD226,IL2,0.0199797696927735,-1.0,-0.0199797696927735,False
IL2,CD27,0.0197544290256338,-1.0,-0.0197544290256338,False
CD28,EMP1,0.0192928642890106,1.0,0.0192928642890106,False
APOL2,TNFRSF8,0.0191968155350435,1.0,0.0191968155350435,False
TRAF3IP2,CD27,0.0190876203515911,1.0,0.0190876203515911,True
CD27,TNFRSF9,0.0190094926774825,-1.0,-0.0190094926774825,False
CEACAM1,TNFRSF18,0.0189441251020111,1.0,0.0189441251020111,False
HELZ2,CD28,0.0186620208754312,-1.0,-0.0186620208754312,True
TNFRSF18,TCF7,0.0183404429726973,-1.0,-0.0183404429726973,False
TNFRSF14,IL2RB,0.0182692787591306,-1.0,-0.0182692787591306,False
TNFRSF4,CD2,0.0182477696688979,1.0,0.0182477696688979,False
PRDM13,TNFRSF18,0.0182281046775917,1.0,0.0182281046775917,False
P2RY14,TNFRSF8,0.0181951990996219,-1.0,-0.0181951990996219,False
FOSB,TNFRSF9,0.0181007360490776,1.0,0.0181007360490776,True
CD28,TNF,0.0180559716070522,1.0,0.0180559716070522,True
GRAP,CD28,0.0180498784053768,-1.0,-0.0180498784053768,True
ICOS,SLA2,0.0179957880086891,1.0,0.0179957880086891,False
CEACAM1,TNFRSF14,0.0179795313963507,1.0,0.0179795313963507,False
TNFRSF12A,TNFRSF18,0.0174947368618312,1.0,0.0174947368618312,False
LTBR,TNFRSF18,0.0174186135611746,1.0,0.0174186135611746,False
GRAP,TNFRSF4,0.0171752682316091,-1.0,-0.0171752682316091,True
TNFRSF25,TNFRSF4,0.0171178009294442,1.0,0.0171178009294442,False
TNFRSF8,TAGAP,0.0169693867432166,1.0,0.0169693867432166,False
APOBEC3D,CD28,0.0169665240825354,1.0,0.0169665240825354,True
CD2,BATF,0.0166311936739682,1.0,0.0166311936739682,True
CD28,TBX21,0.0163989180630133,-1.0,-0.0163989180630133,False
TNFRSF25,CD2,0.0163538063415595,1.0,0.0163538063415595,False
IKZF3,CD2,0.0160390977921402,-1.0,-0.0160390977921402,True
LHX6,TNFRSF8,0.0157772421196065,-1.0,-0.0157772421196065,False
TNFRSF4,PRKD2,0.0155498328465117,-1.0,-0.0155498328465117,False
CD2,FOXO1,0.0155202281891563,1.0,0.0155202281891563,False
ICOS,PRDM13,0.0154823589347979,-1.0,-0.0154823589347979,False
CD2,LTBR,0.0152651438441255,-1.0,-0.0152651438441255,False
IKZF3,ICOS,0.0151900674212695,-1.0,-0.0151900674212695,True
CD226,TBX21,0.0151507532004256,1.0,0.0151507532004256,False
TNFRSF25,IL2RG,0.0146717472988747,1.0,0.0146717472988747,False
APOBEC3C,TNFRSF4,0.0143083072392471,-1.0,-0.0143083072392471,True
NOTCH1,CD27,0.0142711631205588,-1.0,-0.0142711631205588,True
MAP4K1,TNFRSF4,0.0141722009827408,-1.0,-0.0141722009827408,True
TNFRSF14,TBX21,0.0137356943625937,-1.0,-0.0137356943625937,False
IL2RB,CD27,0.0136962886930155,-1.0,-0.0136962886930155,True
CD226,IRF4,0.0136691332365427,-1.0,-0.0136691332365427,False
TNFRSF18,CD28,0.0136187794335354,-1.0,-0.0136187794335354,False
CD226,TNFRSF9,0.0135872570752048,-1.0,-0.0135872570752048,False
TNFRSF4,XCL1,0.0134742260405486,1.0,0.0134742260405486,False
CD28,RUNX3,0.0134129490643455,-1.0,-0.0134129490643455,False
TNFRSF18,FOSL1,0.013318217810829,1.0,0.013318217810829,False
CD27,BATF,0.0132190069997591,-1.0,-0.0132190069997591,True
CD226,TNFRSF4,0.0130646921873493,-1.0,-0.0130646921873493,False
WT1,CD27,0.013030835809495,-1.0,-0.013030835809495,True
JMJD1C,TNFRSF18,0.0130017925872986,-1.0,-0.0130017925872986,False
TNFRSF25,GZMA,0.0129525554058832,1.0,0.0129525554058832,False
CD40,MGST3,0.0129485534251952,1.0,0.0129485534251952,False
FOSB,TNFRSF8,0.0126640571381999,1.0,0.0126640571381999,True
TAGAP,TNFRSF8,0.0121504958944685,1.0,0.0121504958944685,True
GRAP,CD2,0.0119605008909871,-1.0,-0.0119605008909871,True
RELA,CD27,0.011949089433235,-1.0,-0.011949089433235,False
CD226,IL2RB,0.0117824261018618,1.0,0.0117824261018618,False
RUNX3,TNFRSF8,0.011472531073572,1.0,0.011472531073572,False
APOBEC3D,TNFRSF8,0.0113872741044887,-1.0,-0.0113872741044887,True
NLRC3,CD2,0.0113658827688684,-1.0,-0.0113658827688684,False
FOXO1,CD2,0.0113425516797492,1.0,0.0113425516797492,False
TNFRSF25,CD27,0.0113369462230263,-1.0,-0.0113369462230263,False
TNFRSF8,IL2,0.0112782508855789,1.0,0.0112782508855789,False
TNFRSF18,RAC2,0.0112480803335745,-1.0,-0.0112480803335745,False
CD28,IL2RG,0.0111406844792905,1.0,0.0111406844792905,False
TNFRSF18,BATF,0.0109441002162731,1.0,0.0109441002162731,False
CD40,FOXQ1,0.010847658909838,1.0,0.010847658909838,False
ICOS,ITPKA,0.0108151176028688,1.0,0.0108151176028688,False
PRKD2,CD2,0.0108100864272386,-1.0,-0.0108100864272386,False
APOBEC3C,TNFRSF9,0.0101416110140962,-1.0,-0.0101416110140962,False
PIK3AP1,TNFRSF18,0.0100414789587896,1.0,0.0100414789587896,False
FOXO1,TNFRSF8,0.0099680942065203,-1.0,-0.0099680942065203,False
ID2,TNFRSF9,0.0098638329844972,1.0,0.0098638329844972,False
TNFRSF25,RUNX3,0.0098317816805986,-1.0,-0.0098317816805986,False
TRIM21,ICOS,0.0098038760961048,-1.0,-0.0098038760961048,True
JMJD1C,CD2,0.0095878010122956,1.0,0.0095878010122956,False
CD27,FOXD2,0.0094892101683369,-1.0,-0.0094892101683369,False
CD226,TNFRSF8,0.0093625769469515,-1.0,-0.0093625769469515,False
FOXO1,CD226,0.0093349345426897,1.0,0.0093349345426897,False
TNFRSF1B,ICOS,0.0091191158366246,1.0,0.0091191158366246,False
TNFRSF9,ITPKA,0.009041041713311,-1.0,-0.009041041713311,False
CNR2,TNFRSF4,0.0088737418938942,1.0,0.0088737418938942,False
SLA2,TNFRSF4,0.0087858493273435,-1.0,-0.0087858493273435,True
CD28,EMP3,0.0086242315303881,1.0,0.0086242315303881,True
TNFRSF4,DEPDC7,0.0085197890242144,-1.0,-0.0085197890242144,False
TNFRSF25,ZEB2,0.0082646945947408,1.0,0.0082646945947408,False
MUC1,TNFRSF8,0.0082514914529574,-1.0,-0.0082514914529574,True
TNFRSF18,GZMA,0.0081873094310151,-1.0,-0.0081873094310151,False
CD226,TNFRSF1A,0.0080462647263031,-1.0,-0.0080462647263031,False
MAP4K1,TNFRSF9,0.0079902742213613,-1.0,-0.0079902742213613,True
TNFRSF25,NKG7,0.0078342121180694,-1.0,-0.0078342121180694,False
CD28,TNFRSF12A,0.0078166385587849,-1.0,-0.0078166385587849,False
TNFRSF14,MGST3,0.0074216653517702,-1.0,-0.0074216653517702,False
LAT2,CD27,0.0073561672002545,-1.0,-0.0073561672002545,False
APOBEC3D,CD2,0.007263915025423,1.0,0.007263915025423,True
ITPKA,TNFRSF9,0.0072630465211577,-1.0,-0.0072630465211577,True
TNFRSF18,CD226,0.0072611851786679,-1.0,-0.0072611851786679,False
OTUD7A,TNFRSF4,0.0072363915968418,1.0,0.0072363915968418,False
TNFRSF25,TNFRSF1B,0.0071617924889878,-1.0,-0.0071617924889878,False
TNFRSF14,CCL4,0.0069393480654971,-1.0,-0.0069393480654971,False
TNFRSF18,OTUD7B,0.0067484616278785,1.0,0.0067484616278785,False
CD28,IL2RB,0.0064316652131107,-1.0,-0.0064316652131107,True
EMP3,CD27,0.006260135236474,1.0,0.006260135236474,False
PRDM1,TNFRSF9,0.0061105773640508,1.0,0.0061105773640508,True
TNFRSF1A,ICOS,0.0059062135095321,-1.0,-0.0059062135095321,True
TNFRSF14,BATF,0.0058492871588984,-1.0,-0.0058492871588984,False
TNFRSF8,PRDM1,0.0057716034819362,1.0,0.0057716034819362,False
FOXO1,ICOS,0.0057094704553378,-1.0,-0.0057094704553378,False
TNFRSF25,BATF,0.0056956360420606,-1.0,-0.0056956360420606,False
FOXO1,CD27,0.0056804597598309,1.0,0.0056804597598309,False
TNFRSF18,CCL5,0.0056108365869237,-1.0,-0.0056108365869237,False
TNFRSF1A,CD28,0.0053012625153221,-1.0,-0.0053012625153221,True
APOL2,ICOS,0.0052937465101035,1.0,0.0052937465101035,False
TNFRSF25,IFNG,0.005007717128949,1.0,0.005007717128949,False
CNR2,TNFRSF9,0.0049066803198328,1.0,0.0049066803198328,True
TNFRSF14,PRF1,0.0048522154222003,-1.0,-0.0048522154222003,False
TNFRSF14,TAGAP,0.0043225844463037,-1.0,-0.0043225844463037,False
PRDM13,TNFRSF9,0.0037893107753958,1.0,0.0037893107753958,True
FOSB,ICOS,0.0036920647997807,1.0,0.0036920647997807,True
TNFRSF25,ICOS,0.0035812698093485,1.0,0.0035812698093485,False
IKZF3,TNFRSF4,0.0032269145912389,-1.0,-0.0032269145912389,True
MAP4K1,CD28,0.0030940968874731,-1.0,-0.0030940968874731,True
FOXO1,TNFRSF9,0.0030460180194085,-1.0,-0.0030460180194085,False
TNFRSF18,NKG7,0.003036777615549,1.0,0.003036777615549,False
TNFRSF14,IRF4,0.0029384492625793,-1.0,-0.0029384492625793,False
TNFRSF25,TCF7,0.002726114088055,1.0,0.002726114088055,False
RELA,TNFRSF9,0.0025297060953581,1.0,0.0025297060953581,True
TNFRSF25,GZMB,0.0020579624381892,-1.0,-0.0020579624381892,False
TNFRSF25,ARHGDIB,0.001798198637325,1.0,0.001798198637325,False
CD40,IRF4,0.0016654603760931,1.0,0.0016654603760931,False
CD40,GZMB,0.0012762572361156,1.0,0.0012762572361156,False
TNFRSF25,TNFRSF8,0.0002906594871808,-1.0,-0.0002906594871808,False
SLA2,CD226,0.0002313605324901,1.0,0.0002313605324901,False
EOMES,TNFRSF4,3.711250936202591e-05,-1.0,-3.711250936202591e-05,True
TNFRSF14,PRKD2,9.91035638619622e-07,1.0,9.91035638619622e-07,False
EMP3,CD40,3.9260322740555244e-10,-1.0,-3.9260322740555244e-10,False
ICOS,CD40,1.2234333915108426e-10,-1.0,-1.2234333915108426e-10,False
